composer,filename,path,valid,notes,duration_seconds,duplicate_of,error
albeniz,alb_esp1.mid,data/midi/albeniz/alb_esp1.mid,True,634,95.19,,
albeniz,alb_esp2.mid,data/midi/albeniz/alb_esp2.mid,True,680,127.38,,
albeniz,alb_esp3.mid,data/midi/albeniz/alb_esp3.mid,True,1184,174.82,,
albeniz,alb_esp4.mid,data/midi/albeniz/alb_esp4.mid,True,1398,192.31,,
albeniz,alb_esp5.mid,data/midi/albeniz/alb_esp5.mid,True,929,122.64,,
albeniz,alb_esp6.mid,data/midi/albeniz/alb_esp6.mid,True,1489,152.44,,
albeniz,alb_se1.mid,data/midi/albeniz/alb_se1.mid,True,1933,239.73,,
albeniz,alb_se2.mid,data/midi/albeniz/alb_se2.mid,True,2201,237.99,,
albeniz,alb_se3.mid,data/midi/albeniz/alb_se3.mid,True,2899,249.01,,
albeniz,alb_se4.mid,data/midi/albeniz/alb_se4.mid,True,1996,219.35,,
albeniz,alb_se5.mid,data/midi/albeniz/alb_se5.mid,True,2621,303.12,,
albeniz,alb_se6.mid,data/midi/albeniz/alb_se6.mid,True,3175,239.8,,
albeniz,alb_se7.mid,data/midi/albeniz/alb_se7.mid,True,2206,152.32,,
albeniz,alb_se8.mid,data/midi/albeniz/alb_se8.mid,True,2189,270.47,,
beeth,appass_1.mid,data/midi/beeth/appass_1.mid,True,6377,558.9,,
beeth,appass_2.mid,data/midi/beeth/appass_2.mid,True,1981,369.88,,
beeth,appass_3.mid,data/midi/beeth/appass_3.mid,True,7223,465.0,,
beeth,beethoven_hammerklavier_1.mid,data/midi/beeth/beethoven_hammerklavier_1.mid,True,8290,592.24,,
beeth,beethoven_hammerklavier_2.mid,data/midi/beeth/beethoven_hammerklavier_2.mid,True,1887,135.84,,
beeth,beethoven_hammerklavier_3.mid,data/midi/beeth/beethoven_hammerklavier_3.mid,True,5190,760.29,,
beeth,beethoven_hammerklavier_4.mid,data/midi/beeth/beethoven_hammerklavier_4.mid,True,8008,641.85,,
beeth,beethoven_les_adieux_1.mid,data/midi/beeth/beethoven_les_adieux_1.mid,True,3308,341.95,,
beeth,beethoven_les_adieux_2.mid,data/midi/beeth/beethoven_les_adieux_2.mid,True,868,173.54,,
beeth,beethoven_les_adieux_3.mid,data/midi/beeth/beethoven_les_adieux_3.mid,True,5331,300.6,,
beeth,beethoven_opus10_1.mid,data/midi/beeth/beethoven_opus10_1.mid,True,2874,391.35,,
beeth,beethoven_opus10_2.mid,data/midi/beeth/beethoven_opus10_2.mid,True,1616,388.63,,
beeth,beethoven_opus10_3.mid,data/midi/beeth/beethoven_opus10_3.mid,True,2765,216.98,,
beeth,beethoven_opus22_1.mid,data/midi/beeth/beethoven_opus22_1.mid,True,5189,399.62,,
beeth,beethoven_opus22_2.mid,data/midi/beeth/beethoven_opus22_2.mid,True,2191,321.13,,
beeth,beethoven_opus22_3.mid,data/midi/beeth/beethoven_opus22_3.mid,True,1921,183.14,,
beeth,beethoven_opus22_4.mid,data/midi/beeth/beethoven_opus22_4.mid,True,3502,282.77,,
beeth,beethoven_opus90_1.mid,data/midi/beeth/beethoven_opus90_1.mid,True,2633,292.93,,
beeth,beethoven_opus90_2.mid,data/midi/beeth/beethoven_opus90_2.mid,True,4010,494.23,,
beeth,elise.mid,data/midi/beeth/elise.mid,True,1041,165.6,,
beeth,mond_1.mid,data/midi/beeth/mond_1.mid,True,1144,361.98,,
beeth,mond_2.mid,data/midi/beeth/mond_2.mid,True,898,124.04,,
beeth,mond_3.mid,data/midi/beeth/mond_3.mid,True,6538,410.36,,
beeth,pathetique_1.mid,data/midi/beeth/pathetique_1.mid,True,5954,559.52,,
beeth,pathetique_2.mid,data/midi/beeth/pathetique_2.mid,True,1641,309.03,,
beeth,pathetique_3.mid,data/midi/beeth/pathetique_3.mid,True,2395,257.26,,
beeth,waldstein_1.mid,data/midi/beeth/waldstein_1.mid,True,8576,621.51,,
beeth,waldstein_2.mid,data/midi/beeth/waldstein_2.mid,True,493,246.17,,
beeth,waldstein_3.mid,data/midi/beeth/waldstein_3.mid,True,7361,578.82,,
chopin,chp_op18.mid,data/midi/chopin/chp_op18.mid,True,4415,310.23,,
chopin,chp_op31.mid,data/midi/chopin/chp_op31.mid,True,5976,517.39,,
chopin,chpn-p1.mid,data/midi/chopin/chpn-p1.mid,True,327,30.72,,
chopin,chpn-p10.mid,data/midi/chopin/chpn-p10.mid,True,322,23.34,,
chopin,chpn-p11.mid,data/midi/chopin/chpn-p11.mid,True,320,30.25,,
chopin,chpn-p12.mid,data/midi/chopin/chpn-p12.mid,True,1243,56.63,,
chopin,chpn-p13.mid,data/midi/chopin/chpn-p13.mid,True,904,153.47,,
chopin,chpn-p14.mid,data/midi/chopin/chpn-p14.mid,True,434,28.43,,
chopin,chpn-p15.mid,data/midi/chopin/chpn-p15.mid,True,1518,274.26,,
chopin,chpn-p16.mid,data/midi/chopin/chpn-p16.mid,True,1199,61.24,,
chopin,chpn-p17.mid,data/midi/chopin/chpn-p17.mid,True,2495,159.13,,
chopin,chpn-p18.mid,data/midi/chopin/chpn-p18.mid,True,573,45.65,,
chopin,chpn-p19.mid,data/midi/chopin/chpn-p19.mid,True,1237,67.24,,
chopin,chpn-p2.mid,data/midi/chopin/chpn-p2.mid,True,342,121.58,,
chopin,chpn-p20.mid,data/midi/chopin/chpn-p20.mid,True,286,89.5,,
chopin,chpn-p21.mid,data/midi/chopin/chpn-p21.mid,True,878,106.54,,
chopin,chpn-p22.mid,data/midi/chopin/chpn-p22.mid,True,628,41.42,,
chopin,chpn-p23.mid,data/midi/chopin/chpn-p23.mid,True,526,51.17,,
chopin,chpn-p24.mid,data/midi/chopin/chpn-p24.mid,True,1371,125.45,,
chopin,chpn-p3.mid,data/midi/chopin/chpn-p3.mid,True,663,51.14,,
chopin,chpn-p4.mid,data/midi/chopin/chpn-p4.mid,True,604,103.44,,
chopin,chpn-p5.mid,data/midi/chopin/chpn-p5.mid,True,460,30.38,,
chopin,chpn-p6.mid,data/midi/chopin/chpn-p6.mid,True,405,96.12,,
chopin,chpn-p7.mid,data/midi/chopin/chpn-p7.mid,True,167,37.03,,
chopin,chpn-p8.mid,data/midi/chopin/chpn-p8.mid,True,1558,93.23,,
chopin,chpn-p9.mid,data/midi/chopin/chpn-p9.mid,True,413,89.08,,
chopin,chpn_op10_e01.mid,data/midi/chopin/chpn_op10_e01.mid,True,1337,111.54,,
chopin,chpn_op10_e05.mid,data/midi/chopin/chpn_op10_e05.mid,True,1631,91.38,,
chopin,chpn_op10_e12.mid,data/midi/chopin/chpn_op10_e12.mid,True,2088,138.77,,
chopin,chpn_op23.mid,data/midi/chopin/chpn_op23.mid,True,5028,539.48,,
chopin,chpn_op25_e1.mid,data/midi/chopin/chpn_op25_e1.mid,True,2222,125.78,,
chopin,chpn_op25_e11.mid,data/midi/chopin/chpn_op25_e11.mid,True,3172,186.98,,
chopin,chpn_op25_e12.mid,data/midi/chopin/chpn_op25_e12.mid,True,2634,137.95,,
chopin,chpn_op25_e2.mid,data/midi/chopin/chpn_op25_e2.mid,True,1203,98.86,,
chopin,chpn_op25_e3.mid,data/midi/chopin/chpn_op25_e3.mid,True,1693,104.25,,
chopin,chpn_op25_e4.mid,data/midi/chopin/chpn_op25_e4.mid,True,1507,83.01,,
chopin,chpn_op27_1.mid,data/midi/chopin/chpn_op27_1.mid,True,1633,289.68,,
chopin,chpn_op27_2.mid,data/midi/chopin/chpn_op27_2.mid,True,1831,310.54,,
chopin,chpn_op33_2.mid,data/midi/chopin/chpn_op33_2.mid,True,1933,142.97,,
chopin,chpn_op33_4.mid,data/midi/chopin/chpn_op33_4.mid,True,2165,317.33,,
chopin,chpn_op35_1.mid,data/midi/chopin/chpn_op35_1.mid,True,5614,392.32,,
chopin,chpn_op35_2.mid,data/midi/chopin/chpn_op35_2.mid,True,4775,392.95,,
chopin,chpn_op35_3.mid,data/midi/chopin/chpn_op35_3.mid,True,2327,450.3,,
chopin,chpn_op35_4.mid,data/midi/chopin/chpn_op35_4.mid,True,1760,83.3,,
chopin,chpn_op53.mid,data/midi/chopin/chpn_op53.mid,True,6052,361.07,,
chopin,chpn_op66.mid,data/midi/chopin/chpn_op66.mid,True,3050,274.43,,
chopin,chpn_op7_1.mid,data/midi/chopin/chpn_op7_1.mid,True,1229,137.38,,
chopin,chpn_op7_2.mid,data/midi/chopin/chpn_op7_2.mid,True,1207,160.37,,
grieg,grieg_album.mid,data/midi/grieg/grieg_album.mid,True,1522,186.88,,
grieg,grieg_berceuse.mid,data/midi/grieg/grieg_berceuse.mid,True,948,158.59,,
grieg,grieg_brooklet.mid,data/midi/grieg/grieg_brooklet.mid,True,1503,83.3,,
grieg,grieg_butterfly.mid,data/midi/grieg/grieg_butterfly.mid,True,937,96.87,,
grieg,grieg_elfentanz.mid,data/midi/grieg/grieg_elfentanz.mid,True,730,54.02,,
grieg,grieg_halling.mid,data/midi/grieg/grieg_halling.mid,True,404,51.01,,
grieg,grieg_kobold.mid,data/midi/grieg/grieg_kobold.mid,True,1450,84.45,,
grieg,grieg_march.mid,data/midi/grieg/grieg_march.mid,True,1823,180.62,,
grieg,grieg_once_upon_a_time.mid,data/midi/grieg/grieg_once_upon_a_time.mid,True,1572,255.63,,
grieg,grieg_spring.mid,data/midi/grieg/grieg_spring.mid,True,1626,155.95,,
grieg,grieg_voeglein.mid,data/midi/grieg/grieg_voeglein.mid,True,872,94.33,,
grieg,grieg_waechter.mid,data/midi/grieg/grieg_waechter.mid,True,518,155.75,,
grieg,grieg_walzer.mid,data/midi/grieg/grieg_walzer.mid,True,627,107.37,,
grieg,grieg_wanderer.mid,data/midi/grieg/grieg_wanderer.mid,True,424,101.38,,
grieg,grieg_wedding.mid,data/midi/grieg/grieg_wedding.mid,True,3842,330.0,,
grieg,grieg_zwerge.mid,data/midi/grieg/grieg_zwerge.mid,True,2194,153.02,,
haydn,hay_40_1.mid,data/midi/haydn/hay_40_1.mid,True,3156,394.23,,
haydn,hay_40_2.mid,data/midi/haydn/hay_40_2.mid,True,2310,179.34,,
haydn,haydn_33_1.mid,data/midi/haydn/haydn_33_1.mid,True,2654,338.44,,
haydn,haydn_33_2.mid,data/midi/haydn/haydn_33_2.mid,True,1362,318.3,,
haydn,haydn_33_3.mid,data/midi/haydn/haydn_33_3.mid,True,1731,236.77,,
haydn,haydn_35_1.mid,data/midi/haydn/haydn_35_1.mid,True,3387,347.07,,
haydn,haydn_35_2.mid,data/midi/haydn/haydn_35_2.mid,True,2090,395.39,,
haydn,haydn_35_3.mid,data/midi/haydn/haydn_35_3.mid,True,1290,144.34,,
haydn,haydn_43_1.mid,data/midi/haydn/haydn_43_1.mid,True,3011,377.73,,
haydn,haydn_43_2.mid,data/midi/haydn/haydn_43_2.mid,True,845,148.8,,
haydn,haydn_43_3.mid,data/midi/haydn/haydn_43_3.mid,True,2296,306.95,,
haydn,haydn_7_1.mid,data/midi/haydn/haydn_7_1.mid,True,506,63.07,,
haydn,haydn_7_2.mid,data/midi/haydn/haydn_7_2.mid,True,787,139.42,,
haydn,haydn_7_3.mid,data/midi/haydn/haydn_7_3.mid,True,854,90.4,,
haydn,haydn_8_1.mid,data/midi/haydn/haydn_8_1.mid,True,914,122.3,,
haydn,haydn_8_2.mid,data/midi/haydn/haydn_8_2.mid,True,290,57.97,,
haydn,haydn_8_3.mid,data/midi/haydn/haydn_8_3.mid,True,344,88.18,,
haydn,haydn_8_4.mid,data/midi/haydn/haydn_8_4.mid,True,396,40.41,,
haydn,haydn_9_1.mid,data/midi/haydn/haydn_9_1.mid,True,1074,143.58,,
haydn,haydn_9_2.mid,data/midi/haydn/haydn_9_2.mid,True,1167,169.82,,
haydn,haydn_9_3.mid,data/midi/haydn/haydn_9_3.mid,True,506,50.44,,
liszt,liz_donjuan.mid,data/midi/liszt/liz_donjuan.mid,True,17225,1011.02,,
liszt,liz_et1.mid,data/midi/liszt/liz_et1.mid,True,3884,288.38,,
liszt,liz_et2.mid,data/midi/liszt/liz_et2.mid,True,3402,319.29,,
liszt,liz_et3.mid,data/midi/liszt/liz_et3.mid,True,4144,249.45,,
liszt,liz_et4.mid,data/midi/liszt/liz_et4.mid,True,1432,116.22,,
liszt,liz_et5.mid,data/midi/liszt/liz_et5.mid,True,2073,182.05,,
liszt,liz_et6.mid,data/midi/liszt/liz_et6.mid,True,4732,316.6,,
liszt,liz_et_trans4.mid,data/midi/liszt/liz_et_trans4.mid,True,7066,375.51,,
liszt,liz_et_trans5.mid,data/midi/liszt/liz_et_trans5.mid,True,4441,196.04,,
liszt,liz_et_trans8.mid,data/midi/liszt/liz_et_trans8.mid,True,6311,305.68,,
liszt,liz_liebestraum.mid,data/midi/liszt/liz_liebestraum.mid,True,1888,245.34,,
liszt,liz_rhap02.mid,data/midi/liszt/liz_rhap02.mid,True,6760,526.33,,
liszt,liz_rhap09.mid,data/midi/liszt/liz_rhap09.mid,True,8556,630.5,,
liszt,liz_rhap10.mid,data/midi/liszt/liz_rhap10.mid,True,4373,278.75,,
liszt,liz_rhap12.mid,data/midi/liszt/liz_rhap12.mid,True,7349,523.98,,
liszt,liz_rhap15.mid,data/midi/liszt/liz_rhap15.mid,True,5821,357.28,,
mendelssohn,mendel_op19_1.mid,data/midi/mendelssohn/mendel_op19_1.mid,True,1365,163.38,,
mendelssohn,mendel_op19_2.mid,data/midi/mendelssohn/mendel_op19_2.mid,True,873,168.38,,
mendelssohn,mendel_op19_3.mid,data/midi/mendelssohn/mendel_op19_3.mid,True,2389,137.63,,
mendelssohn,mendel_op19_4.mid,data/midi/mendelssohn/mendel_op19_4.mid,True,582,105.95,,
mendelssohn,mendel_op19_5.mid,data/midi/mendelssohn/mendel_op19_5.mid,True,2255,175.58,,
mendelssohn,mendel_op19_6.mid,data/midi/mendelssohn/mendel_op19_6.mid,True,590,161.31,,
mendelssohn,mendel_op30_1.mid,data/midi/mendelssohn/mendel_op30_1.mid,True,1550,258.82,,
mendelssohn,mendel_op30_2.mid,data/midi/mendelssohn/mendel_op30_2.mid,True,1789,124.19,,
mendelssohn,mendel_op30_3.mid,data/midi/mendelssohn/mendel_op30_3.mid,True,442,103.94,,
mendelssohn,mendel_op30_4.mid,data/midi/mendelssohn/mendel_op30_4.mid,True,3030,160.09,,
mendelssohn,mendel_op30_5.mid,data/midi/mendelssohn/mendel_op30_5.mid,True,1346,112.92,,
mendelssohn,mendel_op53_5.mid,data/midi/mendelssohn/mendel_op53_5.mid,True,1808,151.6,,
mendelssohn,mendel_op62_3.mid,data/midi/mendelssohn/mendel_op62_3.mid,True,1007,182.94,,
mendelssohn,mendel_op62_4.mid,data/midi/mendelssohn/mendel_op62_4.mid,True,751,75.16,,
mendelssohn,mendel_op62_5.mid,data/midi/mendelssohn/mendel_op62_5.mid,True,972,156.76,,
mozart,mz_311_1.mid,data/midi/mozart/mz_311_1.mid,True,2970,700.88,,
mozart,mz_311_2.mid,data/midi/mozart/mz_311_2.mid,True,1659,2011.09,,
mozart,mz_311_3.mid,data/midi/mozart/mz_311_3.mid,True,3517,606.21,,
mozart,mz_330_1.mid,data/midi/mozart/mz_330_1.mid,True,4774,537.76,,
mozart,mz_330_2.mid,data/midi/mozart/mz_330_2.mid,True,1487,395.85,,
mozart,mz_330_3.mid,data/midi/mozart/mz_330_3.mid,True,4360,482.1,,
mozart,mz_331_1.mid,data/midi/mozart/mz_331_1.mid,True,6207,830.9,,
mozart,mz_331_2.mid,data/midi/mozart/mz_331_2.mid,True,2681,365.64,,
mozart,mz_331_3.mid,data/midi/mozart/mz_331_3.mid,True,2819,189.58,,
mozart,mz_332_1.mid,data/midi/mozart/mz_332_1.mid,True,5076,570.73,,
mozart,mz_332_2.mid,data/midi/mozart/mz_332_2.mid,True,1387,263.38,,
mozart,mz_332_3.mid,data/midi/mozart/mz_332_3.mid,True,5874,589.93,,
mozart,mz_333_1.mid,data/midi/mozart/mz_333_1.mid,True,5778,629.78,,
mozart,mz_333_2.mid,data/midi/mozart/mz_333_2.mid,True,2863,522.37,,
mozart,mz_333_3.mid,data/midi/mozart/mz_333_3.mid,True,3191,348.27,,
mozart,mz_545_1.mid,data/midi/mozart/mz_545_1.mid,True,2714,261.13,,
mozart,mz_545_2.mid,data/midi/mozart/mz_545_2.mid,True,1909,344.27,,
mozart,mz_545_3.mid,data/midi/mozart/mz_545_3.mid,True,961,105.68,,
mozart,mz_570_1.mid,data/midi/mozart/mz_570_1.mid,True,4110,476.07,,
mozart,mz_570_2.mid,data/midi/mozart/mz_570_2.mid,True,1968,454.45,,
mozart,mz_570_3.mid,data/midi/mozart/mz_570_3.mid,True,1922,200.27,,
schubert,schu_143_1.mid,data/midi/schubert/schu_143_1.mid,True,5153,754.14,,
schubert,schu_143_2.mid,data/midi/schubert/schu_143_2.mid,True,1315,229.11,,
schubert,schu_143_3.mid,data/midi/schubert/schu_143_3.mid,True,3394,328.69,,
schubert,schub_d760_1.mid,data/midi/schubert/schub_d760_1.mid,True,4665,355.24,,
schubert,schub_d760_2.mid,data/midi/schubert/schub_d760_2.mid,True,3781,429.33,,
schubert,schub_d760_3.mid,data/midi/schubert/schub_d760_3.mid,True,3685,258.98,,
schubert,schub_d760_4.mid,data/midi/schubert/schub_d760_4.mid,True,3615,206.07,,
schubert,schub_d960_1.mid,data/midi/schubert/schub_d960_1.mid,True,10733,1323.28,,
schubert,schub_d960_2.mid,data/midi/schubert/schub_d960_2.mid,True,2291,513.36,,
schubert,schub_d960_3.mid,data/midi/schubert/schub_d960_3.mid,True,3148,232.19,,
schubert,schub_d960_4.mid,data/midi/schubert/schub_d960_4.mid,True,5579,481.03,,
schubert,schubert_D850_1.mid,data/midi/schubert/schubert_D850_1.mid,True,7525,526.0,,
schubert,schubert_D850_2.mid,data/midi/schubert/schubert_D850_2.mid,True,5127,605.26,,
schubert,schubert_D850_3.mid,data/midi/schubert/schubert_D850_3.mid,True,6448,563.81,,
schubert,schubert_D850_4.mid,data/midi/schubert/schubert_D850_4.mid,True,5977,546.11,,
schubert,schubert_D935_1.mid,data/midi/schubert/schubert_D935_1.mid,True,6249,514.22,,
schubert,schubert_D935_2.mid,data/midi/schubert/schubert_D935_2.mid,True,2735,382.73,,
schubert,schubert_D935_3.mid,data/midi/schubert/schubert_D935_3.mid,True,6425,670.4,,
schubert,schubert_D935_4.mid,data/midi/schubert/schubert_D935_4.mid,True,4792,336.41,,
schubert,schuim-1.mid,data/midi/schubert/schuim-1.mid,True,4973,461.44,,
schubert,schuim-2.mid,data/midi/schubert/schuim-2.mid,True,3143,270.46,,
schubert,schuim-3.mid,data/midi/schubert/schuim-3.mid,True,2601,342.54,,
schubert,schuim-4.mid,data/midi/schubert/schuim-4.mid,True,5716,420.03,,
schubert,schumm-1.mid,data/midi/schubert/schumm-1.mid,True,2647,267.21,,
schubert,schumm-2.mid,data/midi/schubert/schumm-2.mid,True,1653,320.5,,
schubert,schumm-3.mid,data/midi/schubert/schumm-3.mid,True,1058,104.46,,
schubert,schumm-4.mid,data/midi/schubert/schumm-4.mid,True,2650,309.26,,
schubert,schumm-5.mid,data/midi/schubert/schumm-5.mid,True,2324,119.42,,
schubert,schumm-6.mid,data/midi/schubert/schumm-6.mid,True,1988,312.95,,
schumann,schum_abegg.mid,data/midi/schumann/schum_abegg.mid,True,5617,370.87,,
schumann,scn15_1.mid,data/midi/schumann/scn15_1.mid,True,444,80.55,,
schumann,scn15_10.mid,data/midi/schumann/scn15_10.mid,True,357,75.06,,
schumann,scn15_11.mid,data/midi/schumann/scn15_11.mid,True,748,82.81,,
schumann,scn15_12.mid,data/midi/schumann/scn15_12.mid,True,414,85.95,,
schumann,scn15_13.mid,data/midi/schumann/scn15_13.mid,True,237,80.77,,
schumann,scn15_2.mid,data/midi/schumann/scn15_2.mid,True,612,56.73,,
schumann,scn15_3.mid,data/midi/schumann/scn15_3.mid,True,400,31.36,,
schumann,scn15_4.mid,data/midi/schumann/scn15_4.mid,True,220,42.98,,
schumann,scn15_5.mid,data/midi/schumann/scn15_5.mid,True,675,61.57,,
schumann,scn15_6.mid,data/midi/schumann/scn15_6.mid,True,580,48.1,,
schumann,scn15_7.mid,data/midi/schumann/scn15_7.mid,True,456,136.81,,
schumann,scn15_8.mid,data/midi/schumann/scn15_8.mid,True,506,71.62,,
schumann,scn15_9.mid,data/midi/schumann/scn15_9.mid,True,554,38.1,,
schumann,scn16_1.mid,data/midi/schumann/scn16_1.mid,True,1812,159.05,,
schumann,scn16_2.mid,data/midi/schumann/scn16_2.mid,True,3422,437.36,,
schumann,scn16_3.mid,data/midi/schumann/scn16_3.mid,True,1957,253.72,,
schumann,scn16_4.mid,data/midi/schumann/scn16_4.mid,True,670,200.17,,
schumann,scn16_5.mid,data/midi/schumann/scn16_5.mid,True,1827,195.12,,
schumann,scn16_6.mid,data/midi/schumann/scn16_6.mid,True,709,242.23,,
schumann,scn16_7.mid,data/midi/schumann/scn16_7.mid,True,1478,122.57,,
schumann,scn16_8.mid,data/midi/schumann/scn16_8.mid,True,2007,232.73,,
schumann,scn68_10.mid,data/midi/schumann/scn68_10.mid,True,352,49.9,,
schumann,scn68_12.mid,data/midi/schumann/scn68_12.mid,True,1378,110.11,,
tschai,ty_april.mid,data/midi/tschai/ty_april.mid,True,1371,129.02,,
tschai,ty_august.mid,data/midi/tschai/ty_august.mid,True,2432,189.97,,
tschai,ty_dezember.mid,data/midi/tschai/ty_dezember.mid,True,2562,239.01,,
tschai,ty_februar.mid,data/midi/tschai/ty_februar.mid,True,1911,162.4,,
tschai,ty_januar.mid,data/midi/tschai/ty_januar.mid,True,1492,283.88,,
tschai,ty_juli.mid,data/midi/tschai/ty_juli.mid,True,1080,113.16,,
tschai,ty_juni.mid,data/midi/tschai/ty_juni.mid,True,1502,235.34,,
tschai,ty_maerz.mid,data/midi/tschai/ty_maerz.mid,True,597,146.57,,
tschai,ty_mai.mid,data/midi/tschai/ty_mai.mid,True,1003,195.36,,
tschai,ty_november.mid,data/midi/tschai/ty_november.mid,True,1852,177.1,,
tschai,ty_oktober.mid,data/midi/tschai/ty_oktober.mid,True,846,190.92,,
tschai,ty_september.mid,data/midi/tschai/ty_september.mid,True,2232,163.63,,
