feature,importance_mean,importance_std
vertical_interval_-6,0.032707522362694724,0.01628843498292791
vertical_interval_-2,0.02939272848363749,0.014531860095178024
mean_pitch,0.028805082065270094,0.01873990769831281
std_pitch,0.028115218115218034,0.023286009127389488
vertical_interval_11,0.025304392577119795,0.015622777184183298
melodic_interval_-12,0.0252961249826453,0.0197704457111131
melodic_interval_8,0.01949264946130145,0.01683021358502839
min_pitch,0.01928859019768105,0.023157826915480188
median_pitch,0.017757895187362198,0.025221635253325835
pitch_class_6,0.016450216450216402,0.018433579979730007
melodic_interval_0,0.015471534005258275,0.03550941082870246
vertical_interval_-1,0.013813120004342528,0.016332873016154225
melodic_interval_12,0.012762843217388603,0.012488955267086887
pitch_class_7,0.012103549533016561,0.024688183929899396
pitch_class_5,0.011619895256258828,0.021957288669564808
vertical_interval_9,0.011225743953016626,0.020999000431654063
melodic_interval_-2,0.010730784367147939,0.022307814854324388
vertical_interval_-11,0.009896581996895415,0.028721811278701975
melodic_interval_4,0.009378651651378866,0.019408903987368057
pitch_range,0.008654073199527679,0.0166171219793831
pitch_class_1,0.008134615241501613,0.02030039797156395
pitch_class_10,0.005841754901315971,0.02743918065019635
note_density,0.005085541417829775,0.03583212962992401
pitch_class_9,0.0009292222928586058,0.027756970721883812
vertical_interval_0,0.0,0.0
std_interval,-0.0007570642523621274,0.018959705236500993
melodic_interval_-9,-0.0020287653829974385,0.0344184257459143
melodic_interval_9,-0.0021884680975590765,0.025423398089618868
vertical_interval_5,-0.0024418203415069173,0.03134159325502033
vertical_interval_7,-0.002990494354130779,0.017414887807183217
max_pitch,-0.0033438139707733018,0.03477459118070456
polyphony_ratio,-0.003347749429254193,0.030309775597905132
vertical_interval_1,-0.0034387764795288656,0.009906152136114892
vertical_interval_-3,-0.004204129204129242,0.017098029358838793
chromatic_note_ratio,-0.005149883554272339,0.03148150498037624
median_note_duration,-0.0060554127168547635,0.01886849571120411
pitch_class_11,-0.006980819598374493,0.01435382154030683
vertical_interval_-9,-0.007311173674810057,0.027227531488840023
pitch_class_0,-0.007375351920806533,0.03531414451928053
vertical_interval_8,-0.0074577668935036255,0.02353150327599821
pitch_class_3,-0.007963279145097386,0.017190991203425
melodic_interval_-1,-0.009510186782914131,0.024881604573107747
melodic_interval_-7,-0.010269964639466162,0.028724847386814852
melodic_interval_1,-0.010600793146247761,0.011226036749020334
vertical_interval_4,-0.011092194117272535,0.02931111735192555
vertical_interval_2,-0.011328822692459084,0.01879794870581017
pitch_class_2,-0.012444467757947431,0.0361177864605277
pitch_class_8,-0.012706702910464735,0.027762772224618756
pitch_class_4,-0.013644933958413647,0.034054392837446545
melodic_interval_-5,-0.01365280487537544,0.029412945989405446
melodic_interval_-8,-0.013884297520661204,0.019338216346174233
instrument_count,-0.014127575663625852,0.014057146135478364
vertical_interval_-8,-0.015711331510704595,0.022579022586265454
mean_interval,-0.01608098275809879,0.025688204935739662
vertical_interval_12,-0.01784718311991044,0.02565202269345409
melodic_interval_5,-0.01917309962764514,0.022541184991280192
melodic_interval_-11,-0.019208403926272304,0.03345027895721723
vertical_interval_3,-0.020897284533648204,0.02444182098334889
melodic_interval_3,-0.02127022402884477,0.026340736221656454
mean_note_duration,-0.02190718372536559,0.014476899795700228
melodic_interval_-3,-0.022515306010603843,0.016147338623773957
std_note_duration,-0.023073290346017676,0.009555929623443489
pitch_class_entropy,-0.025924378651651432,0.026770394138648092
melodic_interval_7,-0.026403189287201877,0.025657284549674506
vertical_interval_-7,-0.026518121377055576,0.025636551476683235
melodic_interval_11,-0.027267445198479717,0.028743919127942694
vertical_interval_-10,-0.028313400288321987,0.023618449085561915
vertical_interval_-4,-0.02863868628758915,0.022938905944190967
melodic_interval_-6,-0.032454306404149674,0.02832301371883152
melodic_interval_-10,-0.03382254109526843,0.022728048624058663
vertical_interval_6,-0.03480561526016075,0.02042284506601765
vertical_interval_-5,-0.03567036933808095,0.021120202539678543
melodic_interval_2,-0.03576490176490179,0.013593205048425603
vertical_interval_10,-0.03621282061720936,0.0323089272279901
melodic_interval_6,-0.043797777979596206,0.021996465633692563
melodic_interval_10,-0.046782914055641375,0.016508304205063645
melodic_interval_-4,-0.052115460297278496,0.024707049898299246
vertical_interval_-12,-0.05351648351648356,0.022835421288625757
