n_components,accuracy,macro_f1,explained_variance
2,0.20408163265306123,0.23400621956771686,0.23637179013395
5,0.42857142857142855,0.3814049586776859,0.4221652166998413
10,0.4489795918367347,0.35916709553073184,0.6020975242192836
15,0.4489795918367347,0.394067489254655,0.7138014225486196
20,0.4897959183673469,0.4354978354978354,0.7945900224148773
30,0.5510204081632653,0.4794175521448249,0.8943586986309011
40,0.5306122448979592,0.44821542094269373,0.9488084954643781
50,0.5102040816326531,0.3871310507674144,0.9789368523864155
60,0.5102040816326531,0.37683982683982686,0.9928998494197288
70,0.5306122448979592,0.38170163170163174,0.9992472997030019
78,0.5306122448979592,0.4022644022644022,0.9999999999999998
