mean_fit_time,std_fit_time,mean_score_time,std_score_time,param_svm__C,param_svm__gamma,params,split0_test_score,split1_test_score,split2_test_score,split3_test_score,split4_test_score,mean_test_score,std_test_score,rank_test_score
0.10473356246948243,0.011766977901276053,0.02665433883666992,0.006612293035434197,0.1,scale,"{'svm__C': 0.1, 'svm__gamma': 'scale'}",0.02066115702479339,0.04132231404958678,0.04688995215311005,0.10668889855492726,0.1444111444111444,0.07199469323871237,0.04616060028477807,15
0.07769370079040527,0.035333096290346144,0.024756908416748047,0.0035976372263391877,0.1,0.001,"{'svm__C': 0.1, 'svm__gamma': 0.001}",0.0202020202020202,0.03496503496503497,0.045454545454545456,0.13383838383838384,0.17247298156389065,0.08138659320477501,0.06039461165276147,12
0.053626298904418945,0.007786667778672884,0.025049161911010743,0.0032645002992707393,0.1,0.01,"{'svm__C': 0.1, 'svm__gamma': 0.01}",0.0202020202020202,0.03636363636363637,0.04415584415584416,0.11831357048748353,0.16804407713498623,0.0774158296687941,0.056481915066775204,13
0.03335227966308594,0.004884833155725108,0.019970035552978514,0.000974063504754992,0.1,0.1,"{'svm__C': 0.1, 'svm__gamma': 0.1}",0.0202020202020202,0.061471861471861476,0.060064935064935064,0.11313131313131314,0.11646535282898919,0.07426709653982382,0.0362755346632742,14
0.03620090484619141,0.0033594910358343863,0.017721891403198242,0.002513172343540643,0.1,1,"{'svm__C': 0.1, 'svm__gamma': 1}",0.0202020202020202,0.02066115702479339,0.02066115702479339,0.02066115702479339,0.06762749445676275,0.029962597146632623,0.018833288171186832,17
0.033216238021850586,0.0033989062814822942,0.01783785820007324,0.003335676836829919,1.0,scale,"{'svm__C': 1, 'svm__gamma': 'scale'}",0.3910286683013956,0.3762903762903763,0.3383026064844246,0.3583000333000333,0.4263736263736264,0.3780590621499712,0.029922002064347065,4
0.03462839126586914,0.0018446327102841496,0.022101640701293945,0.0014584467532924666,1.0,0.001,"{'svm__C': 1, 'svm__gamma': 0.001}",0.03770423125261835,0.047364400305576766,0.04060366510959396,0.026936026936026935,0.03598086124401914,0.03771783696956703,0.0066430246971607865,16
0.03631591796875,0.0026200386328101137,0.01855778694152832,0.0017558786987742026,1.0,0.01,"{'svm__C': 1, 'svm__gamma': 0.01}",0.3668498168498168,0.3658008658008658,0.29935064935064937,0.34366391184573003,0.41456119637937816,0.35804528804528807,0.037372720536528396,6
0.04021539688110352,0.004906497941244138,0.019631052017211915,0.0019182282910697372,1.0,0.1,"{'svm__C': 1, 'svm__gamma': 0.1}",0.26880711880711883,0.31587301587301586,0.3286002886002886,0.25528577702490746,0.2662337662337662,0.2869599933078194,0.02943547650166268,9
0.03901200294494629,0.008585762902356294,0.016544294357299805,0.003055744347877903,1.0,1,"{'svm__C': 1, 'svm__gamma': 1}",0.01652892561983471,0.016913319238900635,0.016913319238900635,0.016913319238900635,0.013303769401330377,0.016114530547573398,0.0014132439009117061,20
0.03398299217224121,0.0050069881059482,0.02106032371520996,0.0068025977209671485,10.0,scale,"{'svm__C': 10, 'svm__gamma': 'scale'}",0.35418470418470416,0.32569854388036207,0.37317329135510957,0.3878533231474408,0.29581529581529575,0.3473450316765825,0.0331019211157712,7
0.04435887336730957,0.004836730119561285,0.023848724365234376,0.0038532905904307265,10.0,0.001,"{'svm__C': 10, 'svm__gamma': 0.001}",0.3253110525837799,0.4352092352092352,0.2663780663780664,0.376939726939727,0.4117357390084662,0.3631147640238549,0.06089310445959581,5
0.041293668746948245,0.004745071321274937,0.029187870025634766,0.006354354161388792,10.0,0.01,"{'svm__C': 10, 'svm__gamma': 0.01}",0.36418026418026417,0.34700854700854705,0.3952512134330316,0.4345556404379934,0.4151908697363243,0.3912373069592321,0.03210803451160441,1
0.04973621368408203,0.003371029566087245,0.029000568389892577,0.004835716606369651,10.0,0.1,"{'svm__C': 10, 'svm__gamma': 0.1}",0.27085137085137084,0.2378976096367401,0.298231079265562,0.1843747650199263,0.25077922077922077,0.248426809110564,0.037953625727581514,10
0.05220122337341308,0.007622438390967543,0.029134416580200197,0.004306660992026218,10.0,1,"{'svm__C': 10, 'svm__gamma': 1}",0.027079303675048353,0.027667984189723323,0.030947775628626693,0.030947775628626693,0.030947775628626693,0.02951812295013035,0.0017608278298952018,18
0.08723406791687012,0.04076114062403613,0.03126025199890137,0.008399764178741779,100.0,scale,"{'svm__C': 100, 'svm__gamma': 'scale'}",0.35418470418470416,0.3288620470438652,0.3416305916305916,0.39719753930280244,0.29581529581529575,0.3435380355954519,0.033133598551133625,8
0.07159481048583985,0.023396188713646043,0.052004432678222655,0.041174019904213995,100.0,0.001,"{'svm__C': 100, 'svm__gamma': 0.001}",0.3929681429681429,0.3434731934731935,0.35495615495615496,0.4191919191919192,0.41183261183261183,0.38448440448440446,0.030260029047580246,3
0.0641371726989746,0.009700027023560723,0.04018468856811523,0.004351732575162808,100.0,0.01,"{'svm__C': 100, 'svm__gamma': 0.01}",0.35911058638331367,0.3436507936507937,0.4115800865800866,0.4318681318681319,0.394856124267889,0.38821314455004297,0.03264556045352973,2
0.06341509819030762,0.008172087271054146,0.03487019538879395,0.006841870027316189,100.0,0.1,"{'svm__C': 100, 'svm__gamma': 0.1}",0.27085137085137084,0.2378976096367401,0.298231079265562,0.1843747650199263,0.25077922077922077,0.248426809110564,0.037953625727581514,10
0.06417813301086425,0.008870896030174382,0.023613595962524415,0.00633557827469867,100.0,1,"{'svm__C': 100, 'svm__gamma': 1}",0.027079303675048353,0.027667984189723323,0.030947775628626693,0.030947775628626693,0.030947775628626693,0.02951812295013035,0.0017608278298952018,18
