mean_fit_time,std_fit_time,mean_score_time,std_score_time,param_knn__n_neighbors,param_knn__p,param_knn__weights,params,split0_test_score,split1_test_score,split2_test_score,split3_test_score,split4_test_score,mean_test_score,std_test_score,rank_test_score
0.07447876930236816,0.006169035512601806,0.08150391578674317,0.0044987577338937105,3,1,uniform,"{'knn__n_neighbors': 3, 'knn__p': 1, 'knn__weights': 'uniform'}",0.2676020948748221,0.1432153704880978,0.2238095238095238,0.2614718614718614,0.35886335886335885,0.2509924419015328,0.06982355145803283,5
0.07962055206298828,0.05552202084472058,0.06553034782409668,0.035334399886962346,3,1,distance,"{'knn__n_neighbors': 3, 'knn__p': 1, 'knn__weights': 'distance'}",0.3067099567099567,0.2246097337006428,0.2492129083038174,0.21482683982683978,0.2653831017467381,0.252148508057599,0.032594523796751755,4
0.03428993225097656,0.006617974421583683,0.029203081130981447,0.0031549539677485756,3,2,uniform,"{'knn__n_neighbors': 3, 'knn__p': 2, 'knn__weights': 'uniform'}",0.3882037154764427,0.18646353646353644,0.1553030303030303,0.17969924812030078,0.23048128342245988,0.22803016275715401,0.08368329882276673,9
0.03435978889465332,0.006335663636442928,0.023448467254638672,0.003498048555381122,3,2,distance,"{'knn__n_neighbors': 3, 'knn__p': 2, 'knn__weights': 'distance'}",0.41507936507936505,0.2670339761248852,0.2222222222222222,0.12902130549189372,0.29033189033189033,0.2647377518500513,0.09326248689646006,3
0.02821803092956543,0.006569006243963309,0.03394637107849121,0.0053529922698097995,5,1,uniform,"{'knn__n_neighbors': 5, 'knn__p': 1, 'knn__weights': 'uniform'}",0.3082447855175128,0.09984459984459983,0.14962292609351432,0.18698066639243108,0.2396169487078578,0.19686198531118315,0.07207726040710795,18
0.028598594665527343,0.001959430941620464,0.0346372127532959,0.012017608750673023,5,1,distance,"{'knn__n_neighbors': 5, 'knn__p': 1, 'knn__weights': 'distance'}",0.3143967143967144,0.16776859504132233,0.17309458218549126,0.20287490287490287,0.25656565656565655,0.2229400902128175,0.05554470832136921,14
0.06255278587341309,0.012377725659126758,0.045870304107666016,0.01078485930836829,5,2,uniform,"{'knn__n_neighbors': 5, 'knn__p': 2, 'knn__weights': 'uniform'}",0.3136560409287682,0.22324745961109596,0.10463458110516934,0.17727272727272728,0.20879120879120877,0.2055204035417939,0.06781466381287621,16
0.03813261985778808,0.011107157772246315,0.020921850204467775,0.004697411124608372,5,2,distance,"{'knn__n_neighbors': 5, 'knn__p': 2, 'knn__weights': 'distance'}",0.38362193362193364,0.31662075298438935,0.22283337577455226,0.1427017427017427,0.27924363218480863,0.2690042874534853,0.08196763102518952,2
0.0270510196685791,0.005262723285465985,0.03656091690063477,0.0034988363646679416,7,1,uniform,"{'knn__n_neighbors': 7, 'knn__p': 1, 'knn__weights': 'uniform'}",0.3049057003602458,0.13506493506493505,0.17901744719926538,0.1799932094049741,0.29646742146742144,0.21908974269936837,0.06862387316535885,15
0.034023094177246097,0.0071422334827467605,0.02723727226257324,0.005238435265753859,7,1,distance,"{'knn__n_neighbors': 7, 'knn__p': 1, 'knn__weights': 'distance'}",0.3987598260325532,0.14793388429752066,0.23131313131313133,0.16076347894529713,0.27215007215007214,0.24218407854771487,0.09060299787822261,6
0.0280454158782959,0.005419029240816443,0.02614760398864746,0.0026225873253008345,7,2,uniform,"{'knn__n_neighbors': 7, 'knn__p': 2, 'knn__weights': 'uniform'}",0.41725814292659213,0.17180899908172634,0.17805527805527807,0.11168831168831167,0.2531724811136576,0.22639664257311315,0.1054701449382681,10
0.027813434600830078,0.003116899499892879,0.025831985473632812,0.001981284600416196,7,2,distance,"{'knn__n_neighbors': 7, 'knn__p': 2, 'knn__weights': 'distance'}",0.4607236198145289,0.23016528925619834,0.21835484776661246,0.18152958152958154,0.2676406926406926,0.27168280620152274,0.09843571219470737,1
0.02790694236755371,0.004659908784289811,0.025071191787719726,0.003269900301778369,9,1,uniform,"{'knn__n_neighbors': 9, 'knn__p': 1, 'knn__weights': 'uniform'}",0.30079112806385533,0.15325987144168962,0.23292011019283745,0.18409090909090908,0.24919928556292195,0.22405226087044267,0.051397154352545514,12
0.03091907501220703,0.0074246385354039554,0.026576805114746093,0.003774222882603458,9,1,distance,"{'knn__n_neighbors': 9, 'knn__p': 1, 'knn__weights': 'distance'}",0.288618956800775,0.1609097972734336,0.20621802439984258,0.20675990675990674,0.2564935064935065,0.22380003834549286,0.044328389932860306,13
0.04430537223815918,0.013939171463666482,0.03389425277709961,0.005764038746119589,9,2,uniform,"{'knn__n_neighbors': 9, 'knn__p': 2, 'knn__weights': 'uniform'}",0.2582535885167464,0.11170142988324806,0.19463869463869463,0.07142857142857142,0.197979797979798,0.1668004164894117,0.06669706648666983,20
0.031514453887939456,0.007637323615449088,0.02424612045288086,0.005065314327140569,9,2,distance,"{'knn__n_neighbors': 9, 'knn__p': 2, 'knn__weights': 'distance'}",0.38898071625344355,0.20009182736455464,0.1754158122579175,0.1411255411255411,0.2627233877233877,0.2336674569449689,0.08723650477227923,7
0.019499778747558594,0.0027734701599458752,0.019283628463745116,0.0009393915013992178,11,1,uniform,"{'knn__n_neighbors': 11, 'knn__p': 1, 'knn__weights': 'uniform'}",0.2392480959325879,0.13189235007416825,0.21530893349075167,0.12537462537462538,0.27777071413435056,0.19791894380129677,0.06001500645307156,17
0.01887192726135254,0.0008035144680743159,0.019700002670288087,0.001940261215476049,11,1,distance,"{'knn__n_neighbors': 11, 'knn__p': 1, 'knn__weights': 'distance'}",0.3238095238095238,0.21202232111323022,0.19004329004329004,0.1455766455766456,0.2776334776334776,0.22981705163523344,0.06342877261798394,8
0.021270179748535158,0.004190605288668759,0.023601579666137695,0.005937839466457697,11,2,uniform,"{'knn__n_neighbors': 11, 'knn__p': 2, 'knn__weights': 'uniform'}",0.20886262000813086,0.1428480610298792,0.11639118457300275,0.15946553446553446,0.27274240910604547,0.18006196183651854,0.05528507633752978,19
0.017803716659545898,0.0038790829264992157,0.012025737762451172,0.004543945372287987,11,2,distance,"{'knn__n_neighbors': 11, 'knn__p': 2, 'knn__weights': 'distance'}",0.34599567099567097,0.2633608815426997,0.15503619187829712,0.10421343362519832,0.2564102564102564,0.22500328689042445,0.08553647508480851,11
