composer,filename,mean_pitch,std_pitch,mean_note_duration,std_note_duration,note_density,mean_interval,std_interval,instrument_count,pitch_class_0,pitch_class_1,pitch_class_2,pitch_class_3,pitch_class_4,pitch_class_5,pitch_class_6,pitch_class_7,pitch_class_8,pitch_class_9,pitch_class_10,pitch_class_11
albeniz,alb_esp1.mid,68.08201892744479,12.074148872810717,0.31481305963788064,0.3221049182511153,6.660196010776686,0.00631911532385466,17.62851590528732,2,0.07570977917981073,0.10094637223974763,0.13406940063091483,0.0031545741324921135,0.18769716088328076,0.07570977917981073,0.0,0.0694006309148265,0.00473186119873817,0.22397476340694006,0.11829652996845426,0.006309148264984227
albeniz,alb_esp2.mid,62.60735294117647,9.782800275400378,0.6604644483272054,0.5288082902185794,5.33833924721741,0.017673048600883652,14.11241360840913,2,0.014705882352941176,0.12352941176470589,0.1411764705882353,0.023529411764705882,0.06911764705882353,0.052941176470588235,0.1588235294117647,0.07058823529411765,0.04264705882352941,0.15588235294117647,0.04264705882352941,0.10441176470588236
albeniz,alb_esp3.mid,73.26604729729729,9.446381184572719,0.24450625628519188,0.39349475909747633,6.772639858876324,-0.01014370245139476,12.759756788489824,2,0.10810810810810811,0.006756756756756757,0.08277027027027027,0.09543918918918919,0.15202702702702703,0.0033783783783783786,0.17145270270270271,0.09206081081081081,0.0033783783783783786,0.09966216216216216,0.0,0.18496621621621623
albeniz,alb_esp4.mid,67.326895565093,9.92834156267237,0.41527638597550076,0.46310649054484077,7.2695411064791,-0.025769506084466716,11.182646858608141,2,0.11015736766809728,0.031473533619456366,0.2575107296137339,0.08655221745350501,0.02503576537911302,0.06652360515021459,0.056509298998569386,0.10300429184549356,0.027896995708154508,0.06866952789699571,0.11015736766809728,0.056509298998569386
albeniz,alb_esp5.mid,65.31754574811626,9.811425645726557,0.4758861466720492,0.3472227601126243,7.57524063936286,-0.0334051724137931,11.76154808708449,2,0.11302475780409042,0.0193756727664155,0.0968783638320775,0.16361679224973089,0.015069967707212056,0.09257265877287406,0.01829924650161464,0.09580193756727665,0.09041980624327234,0.02691065662002153,0.24219590958019377,0.02583423035522067
albeniz,alb_esp6.mid,68.42511752854264,8.643133767291614,0.34497806005708564,0.2391569486183438,9.767648758814234,-0.012768817204301076,11.713388322324386,2,0.020147750167897917,0.08462055070517126,0.04969778374748153,0.09335124244459368,0.11484217595701814,0.03089321692411014,0.11014103425117529,0.03492276695768973,0.09603760913364674,0.08327736736064473,0.0241773002014775,0.25789120214909333
albeniz,alb_se1.mid,69.72219348163476,11.177628465677742,0.501572718110881,0.3935166424714175,8.063178306838743,0.0,12.312822181048169,2,0.2752198654940507,0.05794102431453699,0.0387997930677703,0.022762545266425245,0.06673564407656493,0.1784790481117434,0.012933264355923435,0.061045007759958615,0.05794102431453699,0.1464045525090533,0.07811691670977755,0.0036213140196585617
albeniz,alb_se2.mid,62.824625170377104,11.107060377925194,0.44267296192261124,0.41666961307754763,9.248094271381323,0.0036363636363636364,10.931355461762505,2,0.10722398909586552,0.03771013175829169,0.22716946842344388,0.07996365288505225,0.009086778736937756,0.06497046796910495,0.04679691049522944,0.16946842344388915,0.028169014084507043,0.07542026351658337,0.1258518855065879,0.028169014084507043
albeniz,alb_se3.mid,65.16005519144532,13.858344779891555,0.32842034095090267,0.31348551108826084,11.642179408003507,-0.013802622498274672,15.594006297291454,2,0.08106243532252501,0.011728182131769576,0.24629182476716108,0.06588478785788203,0.03380476026215937,0.0776129699896516,0.04932735426008968,0.19661952397378407,0.030700241462573302,0.07140393239047947,0.05070714039323905,0.08485684718868576
albeniz,alb_se4.mid,64.61022044088176,9.618805465788379,0.3402995394100706,0.34303354588449597,9.099670603921783,0.0,12.971764207950539,2,0.08316633266533066,0.12775551102204408,0.014028056112224449,0.09869739478957916,0.06212424849699399,0.08867735470941884,0.08316633266533066,0.02905811623246493,0.26753507014028055,0.048597194388777555,0.041082164328657314,0.056112224448897796
albeniz,alb_se5.mid,64.21671117893933,10.200749350618345,0.2001631926586532,0.46830465268332033,8.64681220793367,-0.00916030534351145,12.532549684122111,2,0.06371613887829072,0.024036627241510875,0.481495612361694,0.12094620373903091,0.00038153376573826786,0.03128576879053796,0.04158718046547119,0.06791301030141167,0.0049599389545974815,0.08813429988553988,0.07363601678748569,0.0019076688286913392
albeniz,alb_se6.mid,70.43307086614173,11.41499949209052,0.20274769043635132,0.1700957206824495,13.240436292750855,-0.015122873345935728,12.867303881112667,2,0.13070866141732285,0.05826771653543307,0.10204724409448819,0.01858267716535433,0.1325984251968504,0.16661417322834646,0.01984251968503937,0.1074015748031496,0.047244094488188976,0.12440944881889764,0.06330708661417322,0.028976377952755906
albeniz,alb_se7.mid,68.40888485947416,11.798612059697817,0.1559442750396647,0.12459731466906307,14.483025652776904,0.004081632653061225,13.174719198930212,2,0.03218495013599275,0.17769718948322757,0.05122393472348141,0.08114233907524931,0.05757026291931097,0.08703535811423391,0.14369900271985495,0.048504079782411606,0.07071622846781506,0.053943789664551225,0.10244786944696282,0.09383499546690843
albeniz,alb_se8.mid,63.89447236180904,11.618116929379381,0.39744913725826136,0.34139451366651286,8.093301815238592,-0.008683729433272395,13.670997654817848,2,0.06715395157606213,0.034262220191868434,0.0708085883965281,0.17770671539515762,0.024211968935587025,0.07948835084513477,0.005025125628140704,0.13841936957514847,0.13339424394700777,0.020100502512562814,0.2165372316126085,0.0328917313841937
beeth,appass_1.mid,61.887564685588835,15.773886352155209,0.23138714888335635,0.29641343240817447,11.409930943141461,-0.00486198243412798,15.335974148594095,2,0.1781401913125294,0.10302650148972871,0.02007213423239768,0.08326799435471224,0.09032460404578956,0.11321938215461816,0.034655794260624116,0.09565626470127019,0.13564371961737495,0.026815116826093773,0.08373843500078407,0.03543986200407715
beeth,appass_2.mid,61.83897021706209,13.352209176900526,0.6045053621571598,0.5863465167525815,5.355739624732474,0.007070707070707071,10.407065903133901,2,0.09035840484603735,0.19737506309944472,0.0,0.12468450277637556,0.008076728924785462,0.13175164058556285,0.13276123170116103,0.011610297829379102,0.24734982332155478,0.008076728924785462,0.04543160020191822,0.002523977788995457
beeth,appass_3.mid,63.28699986155337,14.231779519384927,0.15828390845562768,0.16759095357840315,15.533240700100835,-0.005123234561063417,15.753882873566845,2,0.22109926623286724,0.07642253911117264,0.017859615118371867,0.055378651529835246,0.05620933130278278,0.16405925515713693,0.04181088190502561,0.09289768794129863,0.1187872075314966,0.027689325764917623,0.10065069915547556,0.027135539249619273
beeth,beethoven_hammerklavier_1.mid,68.47406513872136,15.275653437344534,0.2060417198876667,0.2016260194081988,13.997715909690806,0.0,18.8129127102184,2,0.10024125452352231,0.032689987937273825,0.15271411338962607,0.08069963811821472,0.04197828709288299,0.11930036188178528,0.06043425814234017,0.11387213510253318,0.032448733413751506,0.07430639324487334,0.12750301568154404,0.0638118214716526
beeth,beethoven_hammerklavier_2.mid,63.411764705882355,15.65826526907226,0.18957018084923152,0.15882888927185723,13.891630551289488,0.0042417815482502655,17.958181156465557,2,0.10916799152093269,0.10386857445680975,0.0789613142554319,0.06306306306306306,0.01483836777954425,0.20932697403285638,0.015368309485956544,0.06995230524642289,0.03179650238473768,0.06571277159512454,0.15527291997880233,0.08267090620031796
beeth,beethoven_hammerklavier_3.mid,63.445086705202314,14.188911582301255,0.605943371156069,0.5308181412763489,6.826372465442688,0.0030834457506263247,16.13704766419227,2,0.02928709055876686,0.16473988439306358,0.09036608863198459,0.04393063583815029,0.04932562620423892,0.061078998073217726,0.15433526011560694,0.0605009633911368,0.08342967244701349,0.10346820809248555,0.05067437379576108,0.10886319845857419
beeth,beethoven_hammerklavier_4.mid,62.273476523476525,14.255863921402756,0.2068933478001157,0.3924543514477143,12.476364338579524,0.0,18.096724703261568,2,0.09777722277722278,0.06668331668331669,0.09627872127872128,0.08841158841158842,0.0678071928071928,0.10014985014985014,0.06518481518481518,0.09453046953046954,0.0531968031968032,0.09540459540459541,0.11550949050949051,0.059065934065934064
beeth,beethoven_les_adieux_1.mid,63.98004836759371,13.135314317616075,0.3150924763817515,0.34387250805233377,9.673919284159755,-0.005140610825521621,14.375319379416958,2,0.11729141475211609,0.015417170495767836,0.08615477629987908,0.13422007255139057,0.012394195888754534,0.14933494558645707,0.023881499395405077,0.10580411124546554,0.0761789600967352,0.039600967351874246,0.20646916565900847,0.03325272067714631
beeth,beethoven_les_adieux_2.mid,64.73617511520737,11.174804202523031,0.6213202775489628,0.7771318978615991,5.001650552965746,-0.002306805074971165,12.188068521570328,2,0.15668202764976957,0.04032258064516129,0.11059907834101383,0.044930875576036866,0.06221198156682028,0.10483870967741936,0.05414746543778802,0.15207373271889402,0.0576036866359447,0.0944700460829493,0.07603686635944701,0.04608294930875576
beeth,beethoven_les_adieux_3.mid,66.12961920840368,13.327536489312026,0.13811251680618117,0.1257001473290642,17.734452446382132,-0.009943714821763603,15.39254024255851,2,0.09135246670418308,0.024385668730069407,0.0921027949728006,0.14800225098480585,0.014068655036578503,0.13580941661977114,0.04089289063965485,0.13956105796285875,0.06415306696679797,0.036390921027949726,0.1963984243106359,0.016882386043894203
beeth,beethoven_opus10_1.mid,61.061586638830896,11.709753905280982,0.32065493247796356,0.3045454340682083,7.343790411702669,-0.010093978419770276,13.712308175543896,2,0.15309672929714682,0.018093249826026444,0.08733472512178149,0.15414057063326375,0.022616562282533056,0.12143354210160055,0.019832985386221295,0.16353514265831592,0.07376478775226165,0.024704244954766877,0.10995128740431455,0.05149617258176757
beeth,beethoven_opus10_2.mid,63.698638613861384,11.393616769802415,0.7504240481023104,0.6937920354667194,4.158246824312719,-0.022291021671826627,11.747529811442247,2,0.1280940594059406,0.0891089108910891,0.03341584158415842,0.2332920792079208,0.014232673267326733,0.06806930693069307,0.006806930693069307,0.09158415841584158,0.15099009900990099,0.025371287128712873,0.12995049504950495,0.029084158415841586
beeth,beethoven_opus10_3.mid,61.90777576853526,12.982468117282876,0.19196446635699194,0.31503849902837355,12.74324862682711,-0.004341534008683068,14.492649315779232,2,0.16600361663652802,0.012658227848101266,0.09294755877034358,0.14213381555153706,0.03363471971066908,0.10452079566003616,0.020253164556962026,0.14900542495479205,0.1077757685352622,0.015913200723327307,0.07848101265822785,0.07667269439421338
beeth,beethoven_opus22_1.mid,60.221429947966854,13.249147403380832,0.18983394589074673,0.23030335889898487,12.984705508682787,-0.004626060138781804,14.968779440438654,2,0.12353054538446714,0.034303333975717866,0.11408749277317402,0.06031990749662748,0.06822123723260744,0.18751204470996338,0.01888610522258624,0.08479475814222394,0.02139140489497013,0.10965503950664868,0.1599537483137406,0.017344382347273077
beeth,beethoven_opus22_2.mid,59.74121405750799,10.962245244428676,0.46474360443575913,0.42480198148956394,6.822773682735574,-0.0031963470319634705,12.145671713888005,2,0.06754906435417618,0.022364217252396165,0.08534915563669557,0.17845732542218165,0.017800091282519397,0.10588772250114104,0.02875399361022364,0.1401186672752168,0.09904153354632587,0.030123231401186674,0.18986764034687356,0.03468735737106344
beeth,beethoven_opus22_3.mid,62.44924518479959,10.927504743516815,0.23714675502559418,0.2381885707011974,10.48929661085943,-0.014583333333333334,11.941820589552313,2,0.09005726184279021,0.031233732431025507,0.17595002602811036,0.09578344612181156,0.01665799062988027,0.11087975013014055,0.041644976574700676,0.11816762103071317,0.025507548152004164,0.11712649661634565,0.15096304008328995,0.026028110359187923
beeth,beethoven_opus22_4.mid,63.792404340376926,11.380096218217167,0.22864234512183543,0.23547789092245855,12.38473436994735,-0.01228220508426164,14.05994096639916,2,0.1202170188463735,0.03826384922901199,0.09537407195888065,0.09137635636778983,0.02655625356938892,0.2264420331239292,0.02655625356938892,0.07053112507138778,0.034266133637921185,0.08395202741290692,0.1650485436893204,0.02141633352370074
beeth,beethoven_opus90_1.mid,64.25712115457652,13.367613801215791,0.3078250878433982,0.3591577558747867,8.988403254356482,-0.0056990881458966565,13.619739643103543,2,0.08849221420432966,0.043676414736042536,0.07330041777440183,0.04633497911127991,0.14432206608431447,0.03494113178883403,0.11849601215343715,0.12381314090391189,0.0281048233953665,0.09836688188378276,0.041017850360805165,0.1591340676034941
beeth,beethoven_opus90_2.mid,63.76209476309227,11.571538719209821,0.36602087843100645,0.32985700469891505,8.113552825864287,-0.002993265153404839,14.726202961031507,2,0.026184538653366583,0.0912718204488778,0.022443890274314215,0.08728179551122195,0.14364089775561098,0.020448877805486283,0.1371571072319202,0.014713216957605985,0.11820448877805487,0.09725685785536159,0.030673316708229426,0.21072319201995013
beeth,elise.mid,64.06916426512969,12.396314261692867,0.26598435163304424,0.1938503886654257,6.28620525499406,-0.041346153846153845,11.906334049385736,2,0.11623439000960614,0.004803073967339097,0.07204610951008646,0.06147934678194044,0.2689721421709894,0.04803073967339097,0.002881844380403458,0.05763688760806916,0.03266090297790586,0.22094140249759847,0.03266090297790586,0.08165225744476465
beeth,mond_1.mid,58.36538461538461,10.760150080141816,1.1871349972628948,1.5438267754841253,3.1603615326386896,-0.010498687664041995,11.459689097200847,3,0.055944055944055944,0.1652097902097902,0.017482517482517484,0.0743006993006993,0.11713286713286714,0.016608391608391608,0.13986013986013987,0.03496503496503497,0.19405594405594406,0.08216783216783216,0.008741258741258742,0.09353146853146853
beeth,mond_2.mid,61.505567928730514,9.970807733583325,0.418145325399035,0.38453811295837176,7.239442742314809,-0.04013377926421405,13.611448194229702,2,0.09020044543429843,0.1915367483296214,0.0022271714922048997,0.12806236080178174,0.0077951002227171495,0.13697104677060135,0.12583518930957685,0.026726057906458798,0.17928730512249444,0.0,0.09131403118040089,0.0200445434298441
beeth,mond_3.mid,60.87060263077394,13.758395361460018,0.16361880854268696,0.2507370484999522,15.932469066160856,0.0004589261128958238,16.551767007476595,2,0.04328540838176812,0.17405934536555523,0.01850718874273478,0.13429183236463751,0.09238299174059346,0.01621290914652799,0.061792597124502906,0.04435607219333129,0.24288773325175894,0.05980422147445702,0.039461609054756805,0.07295809115937596
beeth,pathetique_1.mid,60.876385623110515,14.3038257918623,0.30827321084984866,0.5413484985846714,10.641293631148796,-0.00352763312615488,17.99667235941259,2,0.1541820624790057,0.030903594222371517,0.07692307692307693,0.1363789049378569,0.03140745717164931,0.1091703056768559,0.04853879744709439,0.14696002687269064,0.10278804165267047,0.03207927443735304,0.09539805172992946,0.03527040644944575
beeth,pathetique_2.mid,56.96282754418038,9.310171895254811,0.5854094119274316,0.7190489464066323,5.31010586172926,-0.01707317073170732,12.072179313814468,4,0.0712979890310786,0.09384521633150518,0.03412553321145643,0.23826934795856186,0.031687995124923825,0.04753199268738574,0.01218769043266301,0.08531383302864107,0.15965874466788543,0.017672151127361365,0.1145642900670323,0.09384521633150518
beeth,pathetique_3.mid,64.8338204592902,11.704750932041497,0.23600927471207367,0.28998001956661174,9.309778330222112,-0.010025062656641603,13.44635306602925,2,0.1732776617954071,0.018789144050104383,0.12359081419624217,0.12400835073068893,0.023799582463465554,0.11524008350730688,0.015866388308977037,0.17160751565762003,0.07265135699373695,0.02129436325678497,0.07348643006263048,0.06638830897703549
beeth,waldstein_1.mid,61.85704291044776,15.56467734351921,0.21491509660948172,0.3308579821599892,13.798730760363734,0.0008163265306122449,18.06717299021605,2,0.12301772388059702,0.03614738805970149,0.08208955223880597,0.060517723880597014,0.12756529850746268,0.07707555970149253,0.048507462686567165,0.11135727611940298,0.06366604477611941,0.09818097014925373,0.03719682835820896,0.13467817164179105
beeth,waldstein_2.mid,55.36105476673428,12.56526428834451,1.3662105166159566,1.0126848003660427,2.0027163373845895,0.07723577235772358,16.121052806146306,2,0.13793103448275862,0.016227180527383367,0.07707910750507099,0.030425963488843813,0.10141987829614604,0.19066937119675456,0.02231237322515213,0.09330628803245436,0.0486815415821501,0.08924949290060852,0.06288032454361055,0.12981744421906694
beeth,waldstein_3.mid,64.3033555223475,13.8851696435528,0.18989351535117388,0.21741052265289004,12.717268913622544,0.0009510869565217392,17.863229605016013,3,0.16125526423040348,0.022279581578589867,0.10976769460671104,0.040483629941584026,0.09944301046053525,0.09034098627903818,0.020241814970792013,0.21532400489063985,0.04224969433500883,0.09822035049585653,0.018339899470180682,0.08205406874066024
chopin,chp_op18.mid,65.46953567383919,11.571821640078625,0.19339139389675417,0.12979009723496662,14.231148113404917,-0.009741730856366107,15.014406170019729,2,0.06432616081540204,0.07950169875424688,0.03533408833522084,0.17214043035107587,0.015402038505096263,0.12253680634201586,0.04688561721404304,0.08425821064552662,0.17485843714609287,0.01087202718006795,0.15719139297848245,0.03669309173272933
chopin,chp_op31.mid,64.72423025435073,14.426100353021374,0.25327433557459034,0.3801157301141318,11.550217180135723,-0.005523012552301255,16.291029015998284,2,0.09220214190093708,0.12332663989290495,0.02677376171352075,0.08885542168674698,0.0607429718875502,0.12299196787148595,0.09387550200803213,0.025937081659973226,0.1680053547523427,0.0644243641231593,0.07680722891566265,0.05605756358768407
chopin,chpn-p1.mid,61.55351681957187,11.414462291570304,0.24972010479740087,0.3954831647653447,10.645336785845736,0.08588957055214724,13.309620475986502,2,0.19571865443425077,0.0061162079510703364,0.0856269113149847,0.01834862385321101,0.15902140672782875,0.08868501529051988,0.012232415902140673,0.22935779816513763,0.0061162079510703364,0.12538226299694188,0.009174311926605505,0.06422018348623854
chopin,chpn-p10.mid,63.04968944099379,15.959693501873382,0.23171436464803322,0.2717637315907825,13.794003436341145,-0.17133956386292834,15.361437368249522,2,0.034161490683229816,0.20496894409937888,0.021739130434782608,0.13354037267080746,0.09627329192546584,0.0,0.11801242236024845,0.006211180124223602,0.2453416149068323,0.08695652173913043,0.012422360248447204,0.040372670807453416
chopin,chpn-p11.mid,63.490625,10.553727403594191,0.2541801146614583,0.30564733726326676,10.579939958485317,-0.13479623824451412,15.423916184799584,2,0.0,0.10625,0.00625,0.15,0.075,0.015625,0.3125,0.009375,0.090625,0.0,0.075,0.159375
chopin,chpn-p12.mid,61.35398230088496,11.08666393857481,0.13157864550482729,0.14318570262183136,21.950063052946774,-0.015297906602254429,12.617075224872531,2,0.03700724054706356,0.06999195494770716,0.038616251005631534,0.16975060337892195,0.1005631536604988,0.027353177795655673,0.07884151246983105,0.06516492357200322,0.1255028157683025,0.04344328238133548,0.07803700724054706,0.16572807723250202
chopin,chpn-p13.mid,56.796460176991154,9.423689122270158,0.6331907664915191,0.7010653350901911,5.890380271005414,-0.031007751937984496,13.119399370711427,2,0.023230088495575223,0.17588495575221239,0.0055309734513274336,0.10951327433628319,0.028761061946902654,0.08075221238938053,0.19579646017699115,0.014380530973451327,0.13716814159292035,0.0022123893805309734,0.13827433628318583,0.08849557522123894
chopin,chpn-p14.mid,50.72811059907834,7.664917543345994,0.12490268255568357,0.02280774682827747,15.264324880734653,-0.05542725173210162,12.993040395552468,2,0.03686635944700461,0.06912442396313365,0.07373271889400922,0.15668202764976957,0.027649769585253458,0.10599078341013825,0.14746543778801843,0.027649769585253458,0.04608294930875576,0.05069124423963134,0.1336405529953917,0.12442396313364056
chopin,chpn-p15.mid,59.38076416337286,10.062515994424903,0.6792809239706835,0.6243731883913533,5.53496462253254,-0.026367831245880026,12.127017981342691,2,0.043478260869565216,0.11001317523056653,0.002635046113306983,0.10013175230566534,0.04808959156785244,0.06258234519104085,0.039525691699604744,0.003952569169960474,0.47167325428194995,0.005270092226613966,0.03491436100131752,0.077733860342556
chopin,chpn-p16.mid,65.16763969974978,16.19031167634231,0.12434232627363075,0.14106709004810922,19.577716000704804,-0.014190317195325543,20.509795671857432,2,0.10592160133444536,0.12510425354462051,0.026688907422852376,0.14261884904086738,0.05587989991659716,0.15679733110925773,0.10341951626355296,0.020016680567139282,0.058381984987489574,0.06755629691409508,0.11592994161801501,0.021684737281067557
chopin,chpn-p17.mid,62.00681362725451,8.322913880261599,0.30809273435287216,0.26685343303707415,15.679378742363062,-0.0036086607858861267,11.095867287367964,2,0.06292585170340681,0.10661322645290582,0.01603206412825651,0.19158316633266534,0.05090180360721443,0.07054108216432865,0.04008016032064128,0.07975951903807615,0.17234468937875752,0.03006012024048096,0.11302605210420842,0.06613226452905811
chopin,chpn-p18.mid,60.87434554973822,13.695450441354243,0.18318728303155918,0.2593757011125587,12.552777031484004,-0.033216783216783216,13.847468835451815,2,0.2006980802792321,0.09598603839441536,0.038394415357766144,0.055846422338568937,0.04712041884816754,0.14834205933682373,0.04013961605584642,0.11518324607329843,0.09075043630017451,0.03315881326352531,0.0924956369982548,0.041884816753926704
chopin,chpn-p19.mid,63.7962813257882,13.209360210313111,0.10910328169799251,0.06700603158028443,18.39597838165146,-0.025080906148867314,23.43955633899368,2,0.06709781729991916,0.04527081649151172,0.06305578011317704,0.19401778496362165,0.015359741309620048,0.11479385610347616,0.038803556992724336,0.10509296685529507,0.068714632174616,0.037186742118027485,0.21341956345998384,0.037186742118027485
chopin,chpn-p2.mid,50.941520467836256,7.9543342867575975,0.9202681107821634,1.1363718689024906,2.8130208348944814,0.02932551319648094,10.638516139235504,2,0.06140350877192982,0.038011695906432746,0.14035087719298245,0.06725146198830409,0.13450292397660818,0.04093567251461988,0.07017543859649122,0.13157894736842105,0.014619883040935672,0.14912280701754385,0.023391812865497075,0.1286549707602339
chopin,chpn-p20.mid,54.9020979020979,11.95376564440362,1.5857373487616553,0.9570811857485478,3.195417924062057,-0.042105263157894736,15.051897908755105,2,0.2062937062937063,0.038461538461538464,0.10839160839160839,0.1258741258741259,0.006993006993006993,0.08741258741258741,0.02097902097902098,0.1853146853146853,0.1048951048951049,0.027972027972027972,0.02097902097902098,0.06643356643356643
chopin,chpn-p21.mid,61.369020501138955,10.878309977655856,0.43423097582336756,0.5006104893268285,8.240963207904915,-0.04903078677309008,12.782938836057827,2,0.05694760820045558,0.08086560364464693,0.07517084282460136,0.11845102505694761,0.05011389521640091,0.11275626423690205,0.1378132118451025,0.07061503416856492,0.025056947608200455,0.0683371298405467,0.1788154897494305,0.025056947608200455
chopin,chpn-p22.mid,57.72133757961783,13.127391142602583,0.24460773366175675,0.18564354466841862,15.163262147096162,0.03349282296650718,14.789986302148206,2,0.1449044585987261,0.09872611464968153,0.08439490445859872,0.11464968152866242,0.011146496815286623,0.04777070063694268,0.06050955414012739,0.1767515923566879,0.04936305732484077,0.09235668789808917,0.10987261146496816,0.009554140127388535
chopin,chpn-p23.mid,70.38403041825094,13.331430731646432,0.20241049553628016,0.24335535172042175,10.278491380594378,0.0,15.01148766461079,2,0.26425855513307983,0.0,0.09505703422053231,0.0038022813688212928,0.060836501901140684,0.19961977186311788,0.0038022813688212928,0.14068441064638784,0.0038022813688212928,0.155893536121673,0.043726235741444866,0.028517110266159697
chopin,chpn-p24.mid,57.20933625091174,17.130104971952182,0.19200925299659596,0.21269677031784484,10.928882479718293,-0.008759124087591242,20.088888145623695,2,0.099927060539752,0.03282275711159737,0.1422319474835886,0.020423048869438368,0.11013858497447118,0.1349380014587892,0.028446389496717725,0.09117432530999271,0.05105762217359591,0.18526622902990517,0.045951859956236324,0.05762217359591539
chopin,chpn-p3.mid,58.32277526395173,9.862472567697653,0.24475602292609325,0.47702923230018696,12.964992685161246,0.04229607250755287,11.25539922199475,2,0.0889894419306184,0.012066365007541479,0.1975867269984917,0.0015082956259426848,0.11161387631975868,0.015082956259426848,0.03167420814479638,0.20060331825037708,0.0,0.18552036199095023,0.0,0.15535444947209653
chopin,chpn-p4.mid,57.01655629139073,7.314803374375259,0.6023681246999172,0.6749144984662812,5.8391274493985765,-0.05140961857379768,9.545509941129009,2,0.1291390728476821,0.009933774834437087,0.061258278145695365,0.059602649006622516,0.20198675496688742,0.039735099337748346,0.08278145695364239,0.07450331125827815,0.028145695364238412,0.13410596026490065,0.016556291390728478,0.16225165562913907
chopin,chpn-p5.mid,61.61739130434783,10.560247533903535,0.12305829051630437,0.035811857251398,15.141059963263604,-0.030501089324618737,18.391504443536476,2,0.01956521739130435,0.09565217391304348,0.14347826086956522,0.008695652173913044,0.13043478260869565,0.01956521739130435,0.10217391304347827,0.10869565217391304,0.02608695652173913,0.1934782608695652,0.05217391304347826,0.1
chopin,chpn-p6.mid,63.785185185185185,8.69259811579619,0.7981879024639913,0.522169528637158,4.213604048181303,-0.012376237623762377,12.057713742253481,2,0.04938271604938271,0.08148148148148149,0.2,0.0,0.0691358024691358,0.007407407407407408,0.16296296296296298,0.10617283950617284,0.007407407407407408,0.009876543209876543,0.05432098765432099,0.2518518518518518
chopin,chpn-p7.mid,65.31736526946108,10.064516325516006,0.9446858922155688,0.5530726309594443,4.510048388484702,0.0,13.509479046076704,2,0.011976047904191617,0.16167664670658682,0.1317365269461078,0.011976047904191617,0.24550898203592814,0.0,0.0718562874251497,0.0,0.0658682634730539,0.17365269461077845,0.029940119760479042,0.09580838323353294
chopin,chpn-p8.mid,66.18741976893453,11.421925445849586,0.16748496051561848,0.29486605498729346,16.7119495970178,0.0032113037893384713,17.15854109176734,3,0.029525032092426188,0.17586649550706032,0.08536585365853659,0.06418485237483953,0.04813863928112965,0.07509627727856226,0.13543003851091143,0.028883183568677792,0.10077021822849808,0.09178433889602054,0.06675224646983312,0.0982028241335045
chopin,chpn-p9.mid,50.8861985472155,9.574437735243317,0.9215257752925746,1.0605464869657337,4.636205976173677,-0.07524271844660194,10.840488143691452,3,0.053268765133171914,0.0774818401937046,0.048426150121065374,0.09443099273607748,0.15254237288135594,0.03631961259079903,0.0774818401937046,0.0774818401937046,0.07021791767554479,0.07263922518159806,0.05569007263922518,0.18401937046004843
chopin,chpn_op10_e01.mid,69.1301421091997,17.07485730209948,0.2268190589005235,0.4989087999177762,11.987130322810733,-0.017964071856287425,12.917969220784213,2,0.2236350037397158,0.012715033657442034,0.10471204188481675,0.0344053851907255,0.12041884816753927,0.08152580403889305,0.032909498878085267,0.12789827973074047,0.0381451009723261,0.09424083769633508,0.01720269259536275,0.11219147344801796
chopin,chpn_op10_e05.mid,71.38871857755979,14.654064341680803,0.15920313861000415,0.18160189476534364,17.849432488569615,-0.03680981595092025,17.27805429945377,2,0.011649294911097487,0.23850398528510117,0.004904966278356836,0.12568976088289394,0.0061312078479460455,0.028816676885346414,0.2053954629061925,0.004291845493562232,0.19251992642550583,0.004291845493562232,0.14714898835070508,0.030656039239730228
chopin,chpn_op10_e12.mid,57.536877394636015,14.60313369181366,0.22208838278456255,0.29689493154032826,15.046893766481078,-0.022520364159080018,15.035972542966215,2,0.17863984674329503,0.042624521072796934,0.12404214559386974,0.12116858237547892,0.026340996168582376,0.1010536398467433,0.027298850574712645,0.1752873563218391,0.08093869731800767,0.016762452107279693,0.05268199233716475,0.05316091954022988
chopin,chpn_op23.mid,64.99502784407319,13.973486626451628,0.32784033344935065,0.35109990087633497,9.320032486219306,-0.0009946290033817386,15.641453310748984,2,0.09188544152744631,0.03579952267303103,0.1435958631662689,0.10202863961813842,0.056682577565632455,0.06284805091487669,0.05767700875099443,0.12987271280827367,0.06483691328560064,0.07915672235481305,0.13961813842482101,0.03599840891010342
chopin,chpn_op25_e1.mid,62.60891089108911,11.345231863323184,0.15456797917791767,0.20974517711131477,17.66617660316885,-0.0031517334533993696,19.0510933901361,3,0.16831683168316833,0.07965796579657966,0.02115211521152115,0.21242124212421243,0.037803780378037805,0.07065706570657065,0.00765076507650765,0.0711071107110711,0.21737173717371738,0.023402340234023402,0.06930693069306931,0.02115211521152115
chopin,chpn_op25_e11.mid,67.81305170239597,16.444048391722358,0.16901521125013128,0.2195594433933476,16.96454900996638,0.005361084831283507,19.395149943511697,2,0.11633039092055486,0.03278688524590164,0.07629255989911728,0.05737704918032787,0.16960907944514503,0.0873266078184111,0.037515762925598994,0.08417402269861286,0.06368221941992434,0.12515762925598992,0.04192938209331652,0.10781841109709962
chopin,chpn_op25_e12.mid,60.322703113135915,13.395532159461554,0.11137615689936188,0.12383763254315097,19.093706093805178,-0.001139384732244588,14.375874901387531,2,0.2357630979498861,0.030751708428246014,0.08086560364464693,0.08580106302201974,0.04973424449506454,0.1082004555808656,0.006454062262718299,0.1970387243735763,0.12680334092634776,0.010250569476082005,0.02050113895216401,0.04783599088838269
chopin,chpn_op25_e2.mid,69.51704073150457,9.361334347672585,0.16439437908700472,0.35477398798120796,12.16902167716276,0.0,14.215889495318077,2,0.20615128844555278,0.13383208645054032,0.00914380714879468,0.0739817123857024,0.05652535328345802,0.1113881961762261,0.00914380714879468,0.11221945137157108,0.1255195344970906,0.015793848711554447,0.10390689941812137,0.04239401496259352
chopin,chpn_op25_e3.mid,65.23922031896042,13.555558615792668,0.17694374859224204,0.25280349442184064,16.240523302519218,-0.018321513002364065,20.190938913382855,2,0.18192557590076786,0.05375073833431778,0.09037212049616067,0.03544004725339634,0.052569403425871235,0.15948021264028353,0.0637920850561134,0.12049616066154754,0.0490253987005316,0.08860011813349085,0.050797401063201415,0.05375073833431778
chopin,chpn_op25_e4.mid,62.67219641672197,11.207343816797547,0.138737220858217,0.24030098737737707,18.155459926581962,0.011288180610889775,15.199094998677971,2,0.13271400132714,0.0165892501658925,0.0789648307896483,0.033178500331785,0.19840743198407432,0.09090909090909091,0.019907100199071003,0.06702057067020571,0.08626410086264101,0.15262110152621103,0.025215660252156602,0.0982083609820836
chopin,chpn_op27_1.mid,56.8426209430496,13.178099666801234,0.5186250637566336,1.0567466780870531,5.6372068946612695,0.0,16.297141274637408,2,0.06736068585425597,0.23086344151867727,0.047764849969381504,0.056338028169014086,0.06429883649724434,0.043478260869565216,0.07103490508266994,0.031230863441518677,0.22841396203306796,0.09675443968156766,0.015309246785058175,0.04715248009797918
chopin,chpn_op27_2.mid,66.97433096668487,12.823930421509855,0.4075430298470775,0.6045378023266303,5.896153287437722,0.006557377049180328,17.884082144725127,2,0.049153468050245765,0.1583833970507919,0.03222282905516111,0.12561441835062806,0.0480611687602403,0.14254505734571274,0.13380666302566904,0.012561441835062807,0.1348989623156745,0.0480611687602403,0.0819224467504096,0.03276897870016385
chopin,chpn_op33_2.mid,62.94464562855665,10.312827513362173,0.2769307262178825,0.20168890237920326,13.520471592180423,0.015010351966873706,13.854885391929278,2,0.017071908949818936,0.09518882565959648,0.2172788411795137,0.008794619762027936,0.13398861872736678,0.03000517330574237,0.10139679255043973,0.06828763579927574,0.03828246249353337,0.19813760993274704,0.02224521469218831,0.0693222969477496
chopin,chpn_op33_4.mid,62.16581986143187,10.937434302958001,0.41360517949095454,0.24697680392944704,6.822609040414865,-0.019870609981515713,14.132756904729348,2,0.045727482678983834,0.08406466512702078,0.08129330254041571,0.07713625866050808,0.10808314087759816,0.06697459584295612,0.13163972286374134,0.0789838337182448,0.05034642032332563,0.03418013856812933,0.0928406466512702,0.14872979214780602
chopin,chpn_op35_1.mid,62.44638403990025,13.371146546072218,0.2573404628510563,0.3528544393147781,14.309881112628657,0.00017815784785319794,16.529708069254376,2,0.0995724973281083,0.11097256857855362,0.053081581759886,0.09547559672247952,0.050944068400427506,0.13359458496615603,0.0773067331670823,0.06733167082294264,0.09476309226932668,0.06679729248307802,0.11774136088350552,0.032418952618453865
chopin,chpn_op35_2.mid,59.359371727748695,11.599939683136046,0.34558169164005226,0.3843021958888177,12.151806075258628,-0.005865102639296188,13.74525729058268,3,0.034973821989528794,0.1637696335078534,0.03329842931937173,0.11581151832460733,0.02680628272251309,0.10073298429319372,0.147434554973822,0.020523560209424085,0.11036649214659686,0.05989528795811518,0.09989528795811518,0.08649214659685864
chopin,chpn_op35_3.mid,56.85990545767082,14.038658780077489,0.7528924039544826,0.4942989354953646,5.167694016267733,-0.010318142734307825,16.524711846760766,2,0.07477438762354964,0.20068758057584873,0.005156854318865492,0.0782122905027933,0.010313708637730984,0.16759776536312848,0.12806188225182638,0.013751611516974646,0.10528577567683713,0.015470562956596476,0.20068758057584873,0.0
chopin,chpn_op35_4.mid,56.88920454545455,10.296165296934461,0.11540363392755648,0.034736737932740125,21.128054645103177,0.0045480386583285955,12.437677806972998,2,0.11136363636363636,0.11988636363636364,0.03409090909090909,0.1125,0.053409090909090906,0.13295454545454546,0.09090909090909091,0.05,0.06477272727272727,0.0659090909090909,0.11875,0.045454545454545456
chopin,chpn_op53.mid,61.220918704560475,14.796815271641409,0.212564693621599,0.160727945080609,16.761377231569234,-0.005123120145430507,15.952907690710962,2,0.11037673496364839,0.1002974223397224,0.03750826173165896,0.17267019167217448,0.06658955717118308,0.10575016523463318,0.027924653007270324,0.07931262392597488,0.1047587574355585,0.028420356906807668,0.09748843357567746,0.06890284203569068
chopin,chpn_op66.mid,64.6311475409836,11.645699142568267,0.18304111545628404,0.28369615124044095,11.11393937148932,0.0016398819285011479,17.861176997954068,2,0.06,0.18131147540983605,0.009180327868852459,0.13672131147540983,0.0740983606557377,0.04360655737704918,0.10918032786885246,0.02,0.21180327868852458,0.07081967213114754,0.04819672131147541,0.035081967213114754
chopin,chpn_op7_1.mid,64.19365337672905,12.602062112384976,0.300665824450773,0.1878813606344173,8.946139689205557,-0.015472312703583062,17.32635360764582,2,0.12530512611879577,0.05370219690805533,0.11065907241659886,0.08787632221318145,0.029292107404393815,0.22457282343368593,0.03580146460537022,0.07078925956061839,0.0,0.07567127746135069,0.18633034987794955,0.0
chopin,chpn_op7_2.mid,63.76056338028169,9.251426940113241,0.379001966057374,0.22309375183819574,7.526143561225318,-0.03565505804311774,12.44908259297527,2,0.053852526926263466,0.07539353769676885,0.164043082021541,0.03396851698425849,0.13587406793703397,0.08367854183927093,0.05965202982601491,0.04888152444076222,0.07290803645401822,0.14415907207953604,0.020712510356255178,0.10687655343827672
grieg,grieg_album.mid,70.0,12.529072630183158,0.42088333212193335,0.5600098453960616,8.144468723107892,-0.0026298487836949377,11.848595305093438,2,0.10643889618922471,0.08147174770039421,0.12220762155059132,0.024967148488830485,0.1011826544021025,0.11432325886990802,0.0328515111695138,0.10906701708278581,0.022339027595269383,0.08409986859395532,0.15243101182654403,0.04862023653088042
grieg,grieg_berceuse.mid,65.08333333333333,11.369439414587205,0.6807812965453579,0.5534624383148312,5.977793893970608,0.012671594508975714,13.498478460185456,2,0.09282700421940929,0.04852320675105485,0.19725738396624473,0.046413502109704644,0.07172995780590717,0.024261603375527425,0.07911392405063292,0.18143459915611815,0.006329113924050633,0.09177215189873418,0.0770042194092827,0.08333333333333333
grieg,grieg_brooklet.mid,65.27944111776448,12.738284631886927,0.10323030044632961,0.10272281035532649,18.0435409000591,0.004660452729693742,13.426650549978289,2,0.03592814371257485,0.06786427145708583,0.09713905522288756,0.01996007984031936,0.10778443113772455,0.027944111776447105,0.2155688622754491,0.16966067864271456,0.03127079174983367,0.04524284763805722,0.07917498336660013,0.10246174318030606
grieg,grieg_butterfly.mid,66.92956243329776,11.125621641313074,0.1638843513384918,0.13022069582155682,9.672328486139735,-0.060897435897435896,12.380347366047955,2,0.0288153681963714,0.13340448239060831,0.0832443970117396,0.048025613660619,0.13660618996798293,0.020277481323372464,0.15795090715048027,0.04909284951974386,0.0672358591248666,0.10458911419423693,0.04055496264674493,0.13020277481323372
grieg,grieg_elfentanz.mid,67.56849315068493,8.788931032173892,0.09487983193778521,0.051386418807985335,13.513247034216516,-0.006858710562414266,8.700706001220858,2,0.04246575342465753,0.052054794520547946,0.0547945205479452,0.028767123287671233,0.21506849315068494,0.0013698630136986301,0.13287671232876713,0.13835616438356163,0.0013698630136986301,0.0273972602739726,0.06438356164383562,0.2410958904109589
grieg,grieg_halling.mid,66.23762376237623,11.878634213963249,0.3257525377165844,0.27386694298722924,7.920433132414751,-0.13895781637717122,12.8530749004946,2,0.0594059405940594,0.0,0.24752475247524752,0.0594059405940594,0.0,0.09900990099009901,0.09405940594059406,0.15841584158415842,0.0,0.16831683168316833,0.11386138613861387,0.0
grieg,grieg_kobold.mid,62.87586206896552,13.217638559304884,0.10523856561781582,0.21094223881126997,17.16971274051949,0.02139406487232574,12.823060252804684,2,0.07310344827586207,0.0496551724137931,0.07517241379310345,0.08827586206896551,0.08551724137931034,0.09793103448275862,0.05586206896551724,0.07310344827586207,0.11586206896551725,0.02413793103448276,0.11724137931034483,0.14413793103448275
grieg,grieg_march.mid,63.21832144816237,14.437204104319171,0.23405160652998708,0.306026925888576,10.093102223943886,0.0,10.11877866486347,2,0.1832144816236972,0.012068019747668678,0.14975315414152496,0.02852441031267142,0.1442676906198574,0.11738891936368623,0.010970927043335162,0.13274821722435545,0.03181568842567197,0.09325287986834888,0.0,0.09599561162918267
grieg,grieg_once_upon_a_time.mid,65.2385496183206,12.591030974496041,0.6102097091947629,0.5527211204287252,6.1494235579939325,-0.02737110120942075,12.075031264550738,2,0.1049618320610687,0.03435114503816794,0.06297709923664122,0.062340966921119595,0.11068702290076336,0.06997455470737914,0.12150127226463105,0.08587786259541985,0.03625954198473282,0.11450381679389313,0.03498727735368957,0.16157760814249364
grieg,grieg_spring.mid,70.57810578105781,11.501552934502781,0.3551030442381612,0.47856332960958153,10.426663254944033,-0.009846153846153846,12.273294146524012,3,0.013530135301353014,0.14575645756457564,0.0897908979089791,0.07503075030750307,0.016605166051660517,0.08487084870848709,0.2066420664206642,0.005535055350553505,0.07380073800738007,0.04305043050430504,0.14944649446494465,0.0959409594095941
grieg,grieg_voeglein.mid,68.48394495412845,13.591930250099708,0.14014758820718676,0.16036854817146315,9.24433839620881,-0.06314580941446613,9.037587473901961,2,0.07110091743119266,0.0481651376146789,0.1731651376146789,0.022935779816513763,0.15022935779816513,0.10321100917431193,0.017201834862385322,0.05619266055045872,0.016055045871559634,0.2029816513761468,0.1158256880733945,0.022935779816513763
grieg,grieg_waechter.mid,59.664092664092664,9.319464428116811,0.796552087387388,0.6548283584868068,3.325851979208429,-0.02321083172147002,10.800254444851676,2,0.05405405405405406,0.10231660231660232,0.007722007722007722,0.07142857142857142,0.1969111969111969,0.05019305019305019,0.08108108108108109,0.04247104247104247,0.07722007722007722,0.11583011583011583,0.011583011583011582,0.1891891891891892
grieg,grieg_walzer.mid,62.96650717703349,8.386620377530305,0.4778018064825894,0.488887518792657,5.839586686441335,-0.019169329073482427,9.64363170889592,2,0.1547049441786284,0.04784688995215311,0.0733652312599681,0.004784688995215311,0.26156299840510366,0.044657097288676235,0.06379585326953748,0.0430622009569378,0.0733652312599681,0.17703349282296652,0.0,0.05582137161084529
grieg,grieg_wanderer.mid,65.04481132075472,9.71700374379124,0.9246544207547163,0.7485583755084839,4.182125654135253,-0.0851063829787234,12.311840211188812,2,0.0047169811320754715,0.1391509433962264,0.1320754716981132,0.02830188679245283,0.08490566037735849,0.03773584905660377,0.24764150943396226,0.07547169811320754,0.009433962264150943,0.05660377358490566,0.05660377358490566,0.12735849056603774
grieg,grieg_wedding.mid,63.785788651743886,13.537142150790903,0.2957101785365699,0.3622898307411103,11.642342218962813,-0.004946628482166103,13.88155071117244,2,0.068974492451848,0.04789172306090578,0.15720978656949505,0.07183758459135867,0.07131702238417491,0.029672045809474232,0.09552316501821968,0.1140031233732431,0.07235814679854242,0.1441957313899011,0.030973451327433628,0.09604372722540344
grieg,grieg_zwerge.mid,62.736098450319055,15.43118049144317,0.15447483829573072,0.22028074876145895,14.338123116509568,0.0,19.081795279289402,2,0.0601640838650866,0.043299908842297175,0.23837739288969917,0.029626253418413857,0.105742935278031,0.06791248860528715,0.028258887876025523,0.09571558796718323,0.008204193254329991,0.19963536918869645,0.08751139471285324,0.03555150410209663
haydn,hay_40_1.mid,67.1254752851711,9.80077710550015,0.32628178401721514,0.2786391261896358,8.005528766134587,0.0,11.437752707798607,2,0.10266159695817491,0.022179974651457542,0.20405576679340937,0.019011406844106463,0.06273764258555133,0.015209125475285171,0.10773130544993663,0.17997465145754118,0.008238276299112801,0.13307984790874525,0.029150823827629912,0.11596958174904944
haydn,hay_40_2.mid,67.66450216450217,9.582338307330968,0.17055266614989187,0.11541263802915112,12.880414087221778,-0.00519705500216544,9.986390427919355,2,0.07965367965367966,0.02943722943722944,0.1683982683982684,0.025108225108225107,0.08225108225108226,0.02727272727272727,0.08744588744588745,0.22640692640692642,0.01038961038961039,0.09523809523809523,0.019913419913419914,0.1484848484848485
haydn,haydn_33_1.mid,66.9155990957046,9.701325164444496,0.22002823920654357,0.23479681255241974,7.841922341468941,-0.007161703731624576,9.96297071653535,2,0.015825169555388093,0.11002260738507913,0.16051243406179352,0.020723436322532027,0.14204973624717407,0.005651846269781462,0.13074604370761114,0.0828937452901281,0.04182366239638282,0.15146948003014318,0.0146948003014318,0.12358703843255464
haydn,haydn_33_2.mid,66.51395007342144,10.77708434373537,0.45494637203102023,0.4945870442209234,4.278919975545655,-0.01763409257898604,10.86405125564871,2,0.1013215859030837,0.039647577092511016,0.12555066079295155,0.015418502202643172,0.1130690161527166,0.14170337738619676,0.012481644640234948,0.14023494860499267,0.012481644640234948,0.15491923641703378,0.14023494860499267,0.002936857562408223
haydn,haydn_33_3.mid,71.20335066435587,9.90189953609719,0.25947234349725556,0.21047679872580338,7.3108046181629565,-0.010982658959537572,12.368961511015021,2,0.02772963604852686,0.06990179087232813,0.19872905834777585,0.00924321201617562,0.12478336221837089,0.07394569612940496,0.09589832466782207,0.13980358174465626,0.010398613518197574,0.16926632004621606,0.0415944540727903,0.03870595031773541
haydn,haydn_35_1.mid,68.33746678476528,10.346310443288594,0.17243231364285022,0.269237355915091,9.758854726499626,-0.0035440047253396337,12.29565347392483,2,0.15205196338943017,0.012990847357543548,0.15559492175966932,0.01210510776498376,0.12459403602007676,0.05934455270150576,0.04930617065249483,0.20431059935045764,0.011514614703277236,0.08444050782403306,0.013581340419250075,0.12016533805727783
haydn,haydn_35_2.mid,67.288995215311,10.302075019534225,0.36461158314792647,0.39563970553682504,5.285868867375425,0.0057443752991862135,14.225899746035365,2,0.22488038277511962,0.007655502392344498,0.07942583732057416,0.011483253588516746,0.10239234449760766,0.15406698564593302,0.009569377990430622,0.1674641148325359,0.0009569377990430622,0.1215311004784689,0.09186602870813397,0.028708133971291867
haydn,haydn_35_3.mid,69.4937984496124,9.94755434816845,0.20594475259205422,0.20738695551820985,8.937443204435667,-0.021722265321955005,13.454730920966128,2,0.15193798449612403,0.0031007751937984496,0.12248062015503876,0.03488372093023256,0.11550387596899225,0.10465116279069768,0.031007751937984496,0.23333333333333334,0.020930232558139535,0.07286821705426356,0.014728682170542635,0.09457364341085271
haydn,haydn_43_1.mid,66.76818332779807,9.875683463272617,0.22559520079500106,0.21514163087750535,7.971243965597778,-0.0049833887043189366,11.349900481791368,2,0.1258718033875789,0.07074061773497177,0.046496180670873466,0.17668548654931918,0.0073065426768515445,0.10328794420458319,0.007970773829292593,0.1182331451345068,0.1813351046164065,0.004981733643307871,0.14447027565592827,0.01262039189637994
haydn,haydn_43_2.mid,67.39171597633135,8.48077128985388,0.2949774570463504,0.24063576861517227,5.6788343850249845,-0.03672985781990521,12.015386136038794,2,0.16094674556213018,0.07100591715976332,0.0378698224852071,0.24970414201183433,0.0,0.06982248520710059,0.010650887573964497,0.08757396449704143,0.19053254437869824,0.014201183431952662,0.1076923076923077,0.0
haydn,haydn_43_3.mid,68.80966898954703,9.489996230866515,0.2058420414371008,0.19733474805368736,7.480157084256041,-0.017429193899782137,11.74450787757328,2,0.14242160278745644,0.09407665505226481,0.042682926829268296,0.20557491289198607,0.01524390243902439,0.08928571428571429,0.005662020905923345,0.09407665505226481,0.16681184668989546,0.002613240418118467,0.12064459930313588,0.020905923344947737
haydn,haydn_7_1.mid,69.65612648221344,10.727874188328414,0.2828661936635373,0.22883089047593966,8.0229947313615,-0.07128712871287128,14.670738281001277,2,0.17786561264822134,0.0,0.15019762845849802,0.0,0.15810276679841898,0.09486166007905138,0.011857707509881422,0.24110671936758893,0.0,0.08695652173913043,0.0,0.07905138339920949
haydn,haydn_7_2.mid,68.48284625158831,11.125740751684495,0.3433812776604192,0.24402154499582593,5.644636614397211,-0.04580152671755725,11.909772707115911,2,0.21473951715374842,0.0,0.144853875476493,0.0698856416772554,0.0698856416772554,0.07496823379923762,0.022871664548919948,0.21728081321473952,0.01397712833545108,0.062261753494282084,0.015247776365946633,0.0940279542566709
haydn,haydn_7_3.mid,65.78922716627635,9.941872093031748,0.19548042307767374,0.13729879020671323,9.447180427052817,-0.04220398593200469,13.169669257157333,2,0.1522248243559719,0.0,0.1873536299765808,0.0117096018735363,0.11007025761124122,0.0585480093676815,0.02576112412177986,0.2646370023419204,0.0,0.06088992974238876,0.0,0.1288056206088993
haydn,haydn_8_1.mid,68.45514223194748,10.249761743055204,0.2525446676878193,0.19047899079458672,7.473258214105236,-0.033953997809419496,13.994442153959282,2,0.1137855579868709,0.019693654266958426,0.21663019693654267,0.0,0.09190371991247265,0.006564551422319475,0.07439824945295405,0.19693654266958424,0.0,0.12253829321663019,0.0,0.1575492341356674
haydn,haydn_8_2.mid,68.06896551724138,10.099952319732994,0.35902712752873545,0.2500568272807736,5.002913133781388,-0.08304498269896193,12.227939944878466,2,0.1310344827586207,0.034482758620689655,0.15172413793103448,0.0,0.08275862068965517,0.0,0.10344827586206896,0.20689655172413793,0.006896551724137931,0.11724137931034483,0.0,0.16551724137931034
haydn,haydn_8_3.mid,67.69186046511628,11.219446521981366,0.44067496150678276,0.29458438343342924,3.901328731607725,-0.09037900874635568,15.226587749457225,2,0.09883720930232558,0.005813953488372093,0.18604651162790697,0.0,0.13953488372093023,0.005813953488372093,0.11046511627906977,0.22093023255813954,0.005813953488372093,0.09302325581395349,0.0,0.13372093023255813
haydn,haydn_8_4.mid,67.32323232323232,8.75690582643759,0.20091791578282814,0.11652393074428452,9.79977743121652,-0.07848101265822785,10.864477838595635,2,0.13636363636363635,0.0,0.25252525252525254,0.0,0.030303030303030304,0.0,0.06565656565656566,0.24242424242424243,0.0,0.10606060606060606,0.0,0.16666666666666666
haydn,haydn_9_1.mid,67.74860335195531,11.459674375089373,0.33630259075884567,0.2785566541101919,7.479925643996476,-0.033550792171481825,13.668856724270384,2,0.18435754189944134,0.0,0.07635009310986965,0.0,0.07635009310986965,0.18435754189944134,0.0,0.16945996275605213,0.0,0.17690875232774675,0.12104283054003724,0.0111731843575419
haydn,haydn_9_2.mid,67.94515852613539,10.568602760369462,0.30707329744180184,0.23616294655162007,6.871985055092311,-0.030874785591766724,13.744697668047726,2,0.18594687232219365,0.002570694087403599,0.055698371893744644,0.02913453299057412,0.09854327335047129,0.23221936589545844,0.0,0.10111396743787489,0.009425878320479864,0.12339331619537275,0.1293916023993145,0.032562125107112254
haydn,haydn_9_3.mid,69.46640316205534,9.151980806109956,0.1927784920125167,0.14174403448465603,10.032701893364244,-0.03762376237623762,12.43583811413688,2,0.233201581027668,0.0,0.019762845849802372,0.0,0.07905138339920949,0.25296442687747034,0.0,0.15019762845849802,0.0,0.17391304347826086,0.08695652173913043,0.003952569169960474
liszt,liz_donjuan.mid,64.98838896952104,16.315285606732548,0.19324175633272836,0.25097138620789455,17.03730298560773,-0.00023223409196470042,15.891867096016046,4,0.06037735849056604,0.08238026124818577,0.09550072568940493,0.06002902757619739,0.11506531204644412,0.10955007256894049,0.06635703918722786,0.04388969521044993,0.06699564586357039,0.12429608127721335,0.09195936139332365,0.08359941944847606
liszt,liz_et1.mid,62.174047373841404,13.567585940511396,0.21912417188465533,0.29399654810269693,13.468539086577765,0.0072109193922225085,11.859723912187354,4,0.09114315139031925,0.03527291452111225,0.16040164778578786,0.10118434603501544,0.06101956745623069,0.07260556127703399,0.057157569515962924,0.15525231719876417,0.015705458290422244,0.08959835221421215,0.10118434603501544,0.05947476828012358
liszt,liz_et2.mid,63.858024691358025,15.281778465369994,0.2866358038335296,0.5886773819117622,10.654755995210701,-0.010585122022934431,13.46704318920111,2,0.09376837154614932,0.03321575543797766,0.12257495590828923,0.1146384479717813,0.03321575543797766,0.11434450323339213,0.036155202821869487,0.10229276895943562,0.07348618459729571,0.05261610817166373,0.15667254556143445,0.06701940035273368
liszt,liz_et3.mid,76.98769305019304,15.79575516895344,0.13143746626649028,0.09469044788635025,16.612770337060468,-0.0016895969104513638,15.952356262601008,2,0.015685328185328185,0.07987451737451738,0.033542471042471045,0.30236486486486486,0.07480694980694981,0.02582046332046332,0.07311776061776062,0.05115830115830116,0.12089768339768339,0.03161196911196911,0.09531853281853282,0.0958011583011583
liszt,liz_et4.mid,72.26187150837988,8.809862988885312,0.06376710858793055,0.062197221860964456,12.321847683067913,0.0,8.167618564298886,2,0.055167597765363126,0.06215083798882681,0.05027932960893855,0.07262569832402235,0.2053072625698324,0.017458100558659217,0.08030726256983241,0.07053072625698324,0.11173184357541899,0.08100558659217877,0.03840782122905028,0.15502793296089384
liszt,liz_et5.mid,70.36565364206464,13.384420361472426,0.20751416200856274,0.18479628742636406,11.386840855706865,-0.020752895752895753,10.568724066351479,2,0.06367583212735166,0.007718282682103232,0.05209840810419682,0.025084418716835505,0.2170767004341534,0.03859141341051616,0.10178485287023638,0.07091172214182344,0.11191509889049686,0.09985528219971057,0.00964785335262904,0.20164013506994694
liszt,liz_et6.mid,66.90638207945901,15.385697264578047,0.1893312249344001,0.2423216632365306,14.94619637425569,0.0033819488480236735,15.771567022162483,4,0.0974218089602705,0.03740490278951818,0.08431952662721894,0.026627218934911243,0.22231614539306846,0.10967878275570583,0.013736263736263736,0.047971259509721045,0.07058326289095519,0.17011834319526628,0.021132713440405747,0.09868977176669484
liszt,liz_et_trans4.mid,64.32479479196151,15.560185990172075,0.19282837799173302,0.2023047019098083,18.81713427694307,-0.004953998584571833,15.523818316322672,2,0.05321256722332295,0.07854514576846873,0.14888196999716954,0.05108972544579677,0.09906594961788848,0.08208321539767903,0.06410982168129069,0.0876026040192471,0.0549108406453439,0.12397395980752901,0.09906594961788848,0.05745825077837532
liszt,liz_et_trans5.mid,71.98333708624183,12.672949158888919,0.12332778330143361,0.10675909743325557,22.65312671940979,-0.0006756756756756757,14.355720506305982,2,0.07318171582976807,0.06507543346093222,0.10628236883584778,0.08128799819860391,0.056969151092096375,0.1371312767394731,0.09659986489529385,0.055392929520378296,0.0666516550326503,0.08128799819860391,0.11258725512272011,0.06755235307363207
liszt,liz_et_trans8.mid,63.95626683568373,15.729954154928555,0.16802189969530798,0.14122917255410058,20.645551916435487,-0.000792393026941363,17.00039617342994,2,0.11503723657106639,0.05498336238314055,0.08889241007764222,0.09950879416891142,0.0684519093646015,0.08366344477895737,0.054349548407542386,0.1323086674061163,0.07780066550467438,0.05276501346854698,0.08714942164474726,0.08508952622405325
liszt,liz_liebestraum.mid,67.62711864406779,12.856020887262131,0.3653477105601176,0.4599508232297823,7.695569779886243,0.009009009009009009,13.71329657061048,2,0.11758474576271187,0.09057203389830508,0.036016949152542374,0.125,0.09639830508474577,0.07521186440677965,0.046610169491525424,0.07944915254237288,0.15783898305084745,0.036016949152542374,0.08686440677966102,0.0524364406779661
liszt,liz_rhap02.mid,70.32781065088757,16.20418699817548,0.194750127349607,0.3498545608965193,12.84357733335717,-0.002811066725847019,18.509591115080912,2,0.04260355029585799,0.2886094674556213,0.019970414201183433,0.0643491124260355,0.05576923076923077,0.075,0.10724852071005918,0.012869822485207101,0.1576923076923077,0.05118343195266272,0.06198224852071006,0.06272189349112427
liszt,liz_rhap09.mid,67.83193080878915,16.679241340372684,0.17505374678393196,0.19527814930722584,13.570236807969252,0.003389830508474576,17.16527049045573,2,0.05247779336138383,0.05726975222066386,0.06451612903225806,0.16199158485273493,0.028751753155680224,0.08251519401589527,0.059841047218326324,0.12903225806451613,0.0947872837774661,0.0365825151940159,0.1825619448340346,0.04967274427302478
liszt,liz_rhap10.mid,72.96821404070432,15.752201445802053,0.16107140334248013,0.1987987055588367,15.68796562036946,0.0054894784995425435,15.84645755025893,2,0.07134690144065858,0.049394008689686714,0.03635947861879717,0.085067459410016,0.1724216784815916,0.03590212668648525,0.10770638005945575,0.05968442716670478,0.08209467184998856,0.09238509032700663,0.03521609878801738,0.1724216784815916
liszt,liz_rhap12.mid,68.84596543747449,17.670413707609413,0.2097689980929938,0.27889520058258094,14.025350244064896,-0.0027218290691344584,16.733745212785145,3,0.046536943801877804,0.16560076200843651,0.024357055381684582,0.0832766362770445,0.0793305211593414,0.07307116614505375,0.10096611783916179,0.02667029527826915,0.20261260035378964,0.05946387263573275,0.07688120832766362,0.06123282079194448
liszt,liz_rhap15.mid,66.97440302353547,18.09738675408709,0.17293833250014404,0.16806328530815054,16.2927636816282,0.002061855670103093,16.433245027702345,2,0.07026284143617935,0.07919601443051022,0.09500085895894177,0.030922521903453015,0.1693867033155815,0.08778560384813607,0.041573612781309055,0.041401820992956535,0.09173681498024394,0.15564336024738018,0.03212506442192063,0.10496478268338773
mendelssohn,mendel_op19_1.mid,59.155311355311355,8.757668497025362,0.33950378867368736,0.42992260499701385,8.354962741512287,-0.005131964809384164,9.609263770056822,3,0.027106227106227107,0.07326007326007326,0.024175824175824177,0.08351648351648351,0.16336996336996337,0.005128205128205128,0.15164835164835164,0.035164835164835165,0.10183150183150183,0.07912087912087912,0.024175824175824177,0.2315018315018315
mendelssohn,mendel_op19_2.mid,60.3184421534937,11.288849077528761,0.5159745137099085,0.5969017072376333,5.184739414395706,-0.04931192660550459,14.158622992054775,2,0.13058419243986255,0.003436426116838488,0.10080183276059565,0.020618556701030927,0.2222222222222222,0.07903780068728522,0.014891179839633447,0.050400916380297825,0.056128293241695305,0.18098510882016036,0.010309278350515464,0.13058419243986255
mendelssohn,mendel_op19_3.mid,65.70238593553788,13.223920706867476,0.18653857227919643,0.17718677214560027,17.357665465721457,0.0,14.31957580573815,2,0.0046044370029300966,0.18250313938886564,0.053160318124738384,0.030556718292172456,0.21598995395562998,0.002092925910422771,0.104227710339054,0.0004185851820845542,0.0895772289660946,0.18752616157388027,0.01297614064462118,0.11636668061950607
mendelssohn,mendel_op19_4.mid,62.896907216494846,9.810911103918214,0.6583878380906361,0.5540181007756344,5.493244267682982,-0.013769363166953529,11.849158800407368,2,0.0,0.18384879725085912,0.07388316151202749,0.012027491408934709,0.2268041237113402,0.010309278350515464,0.08762886597938144,0.0,0.061855670103092786,0.2646048109965636,0.0,0.07903780068728522
mendelssohn,mendel_op19_5.mid,62.97871396895787,11.75984709371818,0.21240942993902465,0.19500460960294153,12.843500931046586,-0.003105590062111801,14.472520518558674,2,0.03237250554323725,0.15033259423503326,0.07184035476718403,0.037694013303769404,0.1082039911308204,0.040798226164079826,0.15033259423503326,0.01862527716186253,0.1082039911308204,0.11130820399113082,0.04966740576496674,0.12062084257206208
mendelssohn,mendel_op19_6.mid,59.313559322033896,11.361620760889599,0.694826457012712,0.4686900544231684,3.657522648154492,-0.02037351443123939,15.451647321689219,2,0.1135593220338983,0.010169491525423728,0.2423728813559322,0.07796610169491526,0.005084745762711864,0.05593220338983051,0.03728813559322034,0.23728813559322035,0.006779661016949152,0.08644067796610169,0.1152542372881356,0.011864406779661017
mendelssohn,mendel_op30_1.mid,57.7541935483871,10.184534377116513,0.5541925030967725,0.5544406477597824,5.988642269047297,0.0,13.042315794794863,3,0.06580645161290323,0.03612903225806452,0.07483870967741936,0.1703225806451613,0.0,0.1135483870967742,0.04516129032258064,0.11419354838709678,0.13548387096774195,0.0064516129032258064,0.18129032258064517,0.0567741935483871
mendelssohn,mendel_op30_2.mid,61.79821129122415,9.699802464266867,0.21601872692379318,0.19814073458831735,14.404943837920008,-0.024049217002237135,12.575409357813896,2,0.09055338177752935,0.15595304639463387,0.040804918949133594,0.07881498043599776,0.02068194522079374,0.24986025712688653,0.045835662381218556,0.02515371716042482,0.043040804918949134,0.048630519843487985,0.19508105086640581,0.005589714924538848
mendelssohn,mendel_op30_3.mid,59.91628959276018,10.42359648146664,0.8594734433917797,0.596055797338692,4.252488267864718,-0.027210884353741496,11.280757749169029,2,0.0022624434389140274,0.09502262443438914,0.00904977375565611,0.07918552036199095,0.17647058823529413,0.011312217194570135,0.17647058823529413,0.004524886877828055,0.12895927601809956,0.05656108597285068,0.038461538461538464,0.22171945701357465
mendelssohn,mendel_op30_4.mid,60.82343234323432,8.33535030977563,0.12963167587458718,0.17044275630453598,18.926923193937515,0.002641135688345989,10.7116222269653,2,0.046534653465346534,0.09570957095709572,0.12112211221122113,0.022112211221122113,0.09867986798679867,0.02574257425742574,0.2089108910891089,0.10165016501650165,0.027392739273927394,0.07128712871287128,0.04422442244224423,0.13663366336633664
mendelssohn,mendel_op30_5.mid,59.15973254086181,8.77973222808169,0.25272954156451194,0.2653448668669421,11.920394327848811,0.017843866171003718,10.403587161857121,2,0.023031203566121844,0.12555720653789004,0.18424962852897475,0.015601783060921248,0.0913818722139673,0.018573551263001486,0.14041604754829123,0.06315007429420505,0.06686478454680535,0.14413075780089152,0.014858841010401188,0.11218424962852898
mendelssohn,mendel_op53_5.mid,62.66426991150443,9.736324986653427,0.32421620370344784,0.36014873690051113,11.926038026778546,-0.0016602102933038186,11.400904706364896,2,0.18030973451327434,0.0027654867256637168,0.1288716814159292,0.011061946902654867,0.19524336283185842,0.05309734513274336,0.019358407079646017,0.03705752212389381,0.06305309734513274,0.16150442477876106,0.0055309734513274336,0.14214601769911506
mendelssohn,mendel_op62_3.mid,61.41608738828202,11.895884786777644,0.7698860777598473,0.7931922965062196,5.504592430969957,-0.03578528827037773,13.837264627641188,2,0.070506454816286,0.006951340615690168,0.038728897715988087,0.03475670307845084,0.22939424031777558,0.003972194637537239,0.11320754716981132,0.14299900695134063,0.005958291956305859,0.1112214498510427,0.003972194637537239,0.23833167825223436
mendelssohn,mendel_op62_4.mid,61.5965379494008,10.303306451480214,0.42553060872170434,0.3017643154449726,9.991530082827392,-0.04133333333333333,13.05137125192428,2,0.09187749667110519,0.015978695073235686,0.2782956058588549,0.0,0.07190412782956059,0.009320905459387484,0.0426098535286285,0.25166444740346205,0.0039946737683089215,0.07456724367509987,0.0013315579227696406,0.1584553928095872
mendelssohn,mendel_op62_5.mid,64.09979423868313,11.490258889179927,0.5240972684499312,0.35928937002372535,6.20054266911019,-0.01956745623069001,14.977931868828982,2,0.1183127572016461,0.050411522633744855,0.06481481481481481,0.03909465020576132,0.2602880658436214,0.023662551440329218,0.043209876543209874,0.01440329218106996,0.06584362139917696,0.22119341563786007,0.012345679012345678,0.08641975308641975
mozart,mz_311_1.mid,67.73468013468013,10.319882544846962,0.17092997298260412,0.16281959201931062,4.237505734143021,-0.009430784776018861,14.012621649405911,2,0.013131313131313131,0.10067340067340068,0.16430976430976432,0.014141414141414142,0.1404040404040404,0.007407407407407408,0.1292929292929293,0.10909090909090909,0.034006734006734006,0.19494949494949496,0.005050505050505051,0.08754208754208755
mozart,mz_311_2.mid,67.93731163351417,10.43090531353665,0.4667993433845684,0.3998124121500288,0.8249267337210643,-0.0024125452352231603,12.294633621728327,3,0.09403254972875226,0.020494273658830622,0.17420132610006028,0.0108499095840868,0.11633514165159735,0.0030138637733574444,0.09282700421940929,0.15973477998794455,0.009041591320072333,0.15310427968655818,0.004822182037371911,0.161543098251959
mozart,mz_311_3.mid,67.7912994029002,11.181558166783846,0.20488986667792122,0.2278084682827726,5.801611370247737,-0.006825938566552901,13.777112437905817,2,0.021324992891669035,0.09269263576912141,0.17571794142735286,0.007392664202445266,0.13960762013079328,0.004264998578333807,0.123969292010236,0.10093829968723343,0.03212965595678135,0.17827694057435314,0.008529997156667614,0.11515496161501279
mozart,mz_330_1.mid,69.3850020946795,9.11815985602518,0.2221008534230548,0.19374733732991617,8.87751502377565,-0.001466582861931699,12.184462786815573,2,0.20025136154168413,0.009635525764558023,0.12693757855048177,0.010892333472978634,0.14034352744030162,0.08378718056137412,0.031001256807708422,0.19815668202764977,0.007959782153330541,0.08755760368663594,0.0041893590280687055,0.09928780896522832
mozart,mz_330_2.mid,63.08742434431742,9.965935080449443,0.8039277281158921,0.6757042768708343,3.756480694166717,-0.02086137281292059,11.971544134964333,2,0.1862811028917283,0.04640215198386012,0.06254203093476798,0.04640215198386012,0.07330195023537324,0.21654337592468056,0.008069939475453935,0.1062542030934768,0.05245460659045057,0.09280430396772024,0.08540685944855414,0.023537323470073975
mozart,mz_330_3.mid,67.19403669724771,10.68791915272412,0.2211265376672398,0.19596681550661224,9.043742071070488,-0.007570543702684102,14.710377861642923,2,0.1596330275229358,0.00963302752293578,0.14954128440366973,0.00871559633027523,0.12522935779816513,0.0908256880733945,0.02981651376146789,0.2279816513761468,0.009174311926605505,0.07201834862385322,0.00871559633027523,0.10871559633027524
mozart,mz_331_1.mid,66.75044304817142,9.810188562229017,0.32614917074505817,0.34560412896513754,7.470183994989963,-0.00338382210763777,13.356420258576346,2,0.032060576768164976,0.1340422104076043,0.09892057354599645,0.027549540840985983,0.25922345738682134,0.010633156114064766,0.05477686483003061,0.003061060093442887,0.0718543579829225,0.18414693088448525,0.006283228612856452,0.11744804253262446
mozart,mz_331_2.mid,66.71764267064528,10.396454067651273,0.30447635100864,0.22230613397566326,7.332349606018306,-0.005970149253731343,13.794925311770191,2,0.015292801193584483,0.11003356956359567,0.11189854531891086,0.022752704214845206,0.17754569190600522,0.01976874300634092,0.09362178291682208,0.061171204774337934,0.0660201417381574,0.17978366281238345,0.007459903021260724,0.13465124953375607
mozart,mz_331_3.mid,67.04469670095779,12.273262775118178,0.12521449307895877,0.11182676458453421,14.869705807395714,-0.00674237047551455,16.743322471129677,2,0.07804185881518269,0.11457963816956368,0.06278822277403334,0.021284143313231644,0.1833983682156793,0.02447676481021639,0.05250088683930472,0.02199361475700603,0.07307555870876198,0.2433487052146151,0.001418942887548776,0.12309329549485633
mozart,mz_332_1.mid,64.74271079590228,10.894236700292648,0.24449951020734775,0.20531480232402563,8.89389132474985,-0.0023645320197044333,14.467153022501561,2,0.16272655634357763,0.024822695035460994,0.09692671394799054,0.04018912529550828,0.08589440504334121,0.16469661150512213,0.01260835303388495,0.152876280535855,0.04058313632781718,0.11386918833727344,0.07131599684791175,0.033490937746256895
mozart,mz_332_2.mid,66.86445565969719,8.940503400565996,0.4612508818463119,0.4292060496046207,5.266101249148559,-0.01443001443001443,12.190281636527441,2,0.1528478731074261,0.023792357606344627,0.11896178803172314,0.09228550829127613,0.035328046142754144,0.18457101658255226,0.02090843547224225,0.10454217736121124,0.01946647440519106,0.0958904109589041,0.13987022350396539,0.011535688536409516
mozart,mz_332_3.mid,67.073544433095,10.601554456570286,0.2078923424806348,0.21961333354042759,9.957174438357422,0.004086497531074408,12.357355018033852,2,0.1947565543071161,0.022131426625808647,0.07660878447395301,0.032005447735784814,0.07048008171603677,0.15389853592100783,0.021109976166155942,0.14061967994552263,0.027238678924072182,0.11678583588695948,0.10078311201906708,0.04358188627851549
mozart,mz_333_1.mid,68.19868466597438,10.317056738452836,0.22008654117485968,0.18339489538057122,9.17460286936914,-0.005712307425999654,13.746844486573623,2,0.15784008307372793,0.013153340256143994,0.13568708895811699,0.09795777085496711,0.04845967462789893,0.16476289373485636,0.013153340256143994,0.09968847352024922,0.014191761855313257,0.10211145725164417,0.13776393215645552,0.01523018345448252
mozart,mz_333_2.mid,65.0768424729305,9.849036800697126,0.4921216403510297,0.4118173111788686,5.480744090626906,-0.001397624039133473,12.315500655574287,2,0.10478519035976248,0.018861334264757248,0.09116311561299337,0.1603213412504366,0.013272790778903249,0.15089067411805798,0.011177086971707998,0.13482361159622774,0.11596227733147049,0.023751309814879495,0.1631156129933636,0.011875654907439748
mozart,mz_333_3.mid,67.97430272641805,10.487130684999183,0.21930052490663843,0.20965613861838567,9.16235393712334,-0.013479623824451411,13.269622843172861,2,0.12817298652460044,0.013788780946411783,0.15104982764023817,0.12159197743654027,0.02130993418990912,0.15951112503917267,0.013788780946411783,0.09244750861798809,0.01880288310874334,0.08774678784080225,0.18176120338451895,0.010028204324663115
mozart,mz_545_1.mid,68.21518054532056,9.851781717394934,0.1787844694270456,0.1650830949075433,10.393131342974682,-0.008846295613711759,11.171513911283387,2,0.14959469417833457,0.012527634487840826,0.15254237288135594,0.0058953574060427415,0.13190862196020633,0.0950626381724392,0.025792188651436992,0.1746499631540162,0.008106116433308769,0.1156963890935888,0.023581429624170966,0.10464259395725865
mozart,mz_545_2.mid,65.15295966474594,8.351790358271991,0.3697188513401428,0.3112174711054111,5.545034009044809,-0.014675052410901468,13.516927602552586,2,0.09743321110529073,0.029858564693556838,0.21948664222105815,0.020953378732320588,0.07700366684127816,0.01571503404924044,0.06966998428496594,0.18438973284442117,0.004714510214772132,0.12310110005238345,0.03352540597171294,0.12414876898899947
mozart,mz_545_3.mid,67.58064516129032,10.024423867802756,0.18092072005506407,0.13966934041715934,9.09355890968754,-0.04479166666666667,14.29485170868393,2,0.15816857440166493,0.015608740894901144,0.1259105098855359,0.011446409989594173,0.19771071800208118,0.09885535900104059,0.01040582726326743,0.13215400624349635,0.02497398543184183,0.11030176899063475,0.005202913631633715,0.10926118626430802
mozart,mz_570_1.mid,67.47980535279805,9.922985970482118,0.2326025899716139,0.26716588653171913,8.633233692783827,-0.008761255779995133,12.317212437002564,2,0.14841849148418493,0.01897810218978102,0.12798053527980535,0.07396593673965937,0.040389294403892946,0.17323600973236009,0.018491484184914843,0.10218978102189781,0.031630170316301706,0.09197080291970802,0.15279805352798054,0.01995133819951338
mozart,mz_570_2.mid,67.23831300813008,8.993087657158858,0.5637179456777173,0.4680866091795918,4.330480748490099,-0.0157600406710727,11.653585527097935,2,0.12245934959349593,0.021341463414634148,0.07164634146341463,0.18089430894308944,0.026422764227642278,0.12398373983739837,0.02184959349593496,0.14888211382113822,0.09908536585365854,0.023373983739837397,0.11941056910569106,0.04065040650406504
mozart,mz_570_3.mid,67.87565036420395,9.669977795775072,0.19644492657496546,0.1372753222179573,9.597199729362574,-0.012493492972410203,13.654883976296771,2,0.13631633714880334,0.01664932362122789,0.13787721123829344,0.10197710718002082,0.031217481789802288,0.14984391259105098,0.019250780437044746,0.08116545265348596,0.015088449531737774,0.0764828303850156,0.21852237252861603,0.015608740894901144
schubert,schu_143_1.mid,60.29730254220842,13.906890990449583,0.47402409556569025,0.45657712282116314,6.832971303823355,-0.004658385093167702,15.525049185509584,2,0.08674558509606055,0.054531340966427325,0.08344653599844751,0.02581020764603144,0.2018241800892684,0.09140306617504367,0.025422084222782845,0.05433727925480303,0.06481661168251504,0.17484960217349116,0.03512516980399767,0.10168833689113138
schubert,schu_143_2.mid,64.68060836501901,14.789572308202485,0.6366907212753481,0.6553115446375677,5.739514159675149,-0.01445966514459665,15.10689273031579,2,0.155893536121673,0.08288973384030418,0.05095057034220532,0.02737642585551331,0.07072243346007605,0.11330798479087452,0.05399239543726236,0.1429657794676806,0.05247148288973384,0.09809885931558936,0.12547528517110265,0.02585551330798479
schubert,schu_143_3.mid,64.32115497937536,13.084759957916674,0.24819234030642343,0.3162598249419041,10.325756870115027,-0.007073386383731211,16.97693369548147,2,0.11579257513258692,0.040070713022981735,0.09929286977018267,0.04124926340601061,0.14584560989982323,0.08308780200353565,0.06187389510901591,0.06982911019446081,0.06511490866234532,0.13022981732469063,0.03948143783146729,0.10813199764289923
schubert,schub_d760_1.mid,62.93504823151125,14.22291766274379,0.23927175865979064,0.21262714447710507,13.132110726479786,0.0004288164665523156,17.533134516995915,2,0.12368703108252947,0.06516613076098607,0.08252947481243302,0.06966773847802786,0.08896034297963558,0.08167202572347267,0.03536977491961415,0.13140407288317257,0.0872454448017149,0.08081457663451233,0.06516613076098607,0.08831725616291533
schubert,schub_d760_2.mid,59.871462576038084,13.408476190486654,0.4278096382510143,0.681532138937247,8.806755733628242,-0.004232804232804233,13.80157889398768,2,0.07484792382967469,0.13356254959005553,0.048928854800317376,0.10129595345146787,0.0949484263422375,0.04760645331922772,0.09732874900819889,0.015604337476857974,0.1922771753504364,0.09283258397249405,0.014017455699550383,0.08674953715948162
schubert,schub_d760_3.mid,64.92781546811398,13.99393936382669,0.22843847992254615,0.3249630187815419,14.228698289365877,-0.006514657980456026,17.453349046974903,2,0.07815468113975577,0.09687924016282225,0.0485753052917232,0.187516960651289,0.06784260515603799,0.0485753052917232,0.06567164179104477,0.06919945725915876,0.14328358208955225,0.03934871099050204,0.09742198100407055,0.05753052917232022
schubert,schub_d760_4.mid,65.80940525587829,16.74317994737003,0.18124481194213962,0.18480612220579645,17.542608360677264,-0.001383508577753182,20.960268849652465,2,0.1338865836791148,0.04591977869986169,0.11313969571230982,0.022959889349930845,0.1330567081604426,0.07966804979253111,0.04370677731673582,0.19557399723374827,0.030705394190871368,0.07136929460580912,0.04232365145228216,0.08769017980636237
schubert,schub_d960_1.mid,62.416845243641106,12.711070973523377,0.40386863343581986,0.47373739097906437,8.110916479749772,-0.00046589638464405515,13.100784096759927,2,0.08077890617721047,0.08711450666169757,0.09782912512810957,0.05040529208981646,0.06093356936550825,0.16425975961986397,0.09261157178794373,0.05357309233206,0.048262368396534056,0.10984813192956303,0.10621447871051896,0.04816919780117395
schubert,schub_d960_2.mid,57.0126582278481,12.862748465410258,0.7063332022752082,0.8433661628271896,4.462716527991803,-0.005240174672489083,15.679624598899155,2,0.04757747708424269,0.1558271497162811,0.0663465735486687,0.05456132693147097,0.12221737232649497,0.04495853339153208,0.0811872544740288,0.03622872108249672,0.12003491924923614,0.14622435617634222,0.02138804015713662,0.10344827586206896
schubert,schub_d960_3.mid,67.49237611181702,10.850649753448351,0.14688991658989878,0.13362849975990662,13.557945737042637,-0.0076263107721639654,15.4093577205605,2,0.08926302414231257,0.12928843710292248,0.10038119440914867,0.10609911054637865,0.021283354510800507,0.1343710292249047,0.05400254129606099,0.07052096569250317,0.06829733163913596,0.0644853875476493,0.14008894536213468,0.021918678526048285
schubert,schub_d960_4.mid,64.75228535579853,13.037770068269287,0.20509880307738873,0.18349559677892874,11.597957622001825,-0.003764790247400502,16.91804704136061,2,0.12296110414052698,0.04212224412977236,0.11256497580211508,0.07671625739379817,0.03154687219931888,0.14411184800143395,0.04606560315468722,0.11937623229969528,0.0381788851048575,0.08388600107546156,0.13479118121527156,0.04767879548306148
schubert,schubert_D850_1.mid,62.78857142857143,13.754267798643141,0.17644535533499392,0.18819840923899028,14.306057096894822,-0.0038543328017012226,15.336743294226002,2,0.06272425249169435,0.10059800664451828,0.12943521594684385,0.030564784053156147,0.12730897009966777,0.07176079734219269,0.0746843853820598,0.07534883720930233,0.04132890365448505,0.16292358803986712,0.061926910299003324,0.061395348837209304
schubert,schubert_D850_2.mid,62.90852350302321,12.428222611682296,0.4705096448617626,0.4061923305521159,8.47071330087285,-0.0046820132657042525,14.795140872981305,2,0.0649502633118783,0.08211429685976204,0.1404330017554125,0.02321045445679735,0.15096547688706846,0.03900916715428126,0.07704310512970548,0.09089135946947532,0.05090696313633704,0.14979520187244003,0.025746050321825628,0.10493465964501658
schubert,schubert_D850_3.mid,62.463089330024815,12.439152244835013,0.3493938661345243,0.25792387629449365,11.436409255118043,-0.0007755545214828603,14.427457944905365,2,0.04869727047146402,0.08250620347394541,0.1723014888337469,0.02651985111662531,0.07351116625310174,0.06187965260545906,0.09785980148883375,0.10406327543424318,0.024503722084367244,0.14097394540942929,0.07661290322580645,0.09057071960297766
schubert,schubert_D850_4.mid,65.73264179354192,11.61847312612604,0.22302448060237876,0.1891408295932674,10.944676930930614,-0.004685408299866131,13.495126970226378,2,0.033461602810774635,0.06591935753722604,0.1689810941944119,0.01472310523674084,0.10071942446043165,0.03781161117617534,0.10891751714907144,0.1335117952149908,0.028609670403212314,0.17768111092521333,0.03530199096536724,0.09436171992638448
schubert,schubert_D935_1.mid,64.16018562970075,11.1058758837928,0.2175193450892137,0.2781128031039833,12.152385883980772,-0.0019206145966709346,12.215062127967782,2,0.1800288046087374,0.06417026724275884,0.04080652904464714,0.14098255720915345,0.04864778364538326,0.12289966394623139,0.04112658025284045,0.07777244359097456,0.10913746199391902,0.059849575932149145,0.08369339094255081,0.030884941590654504
schubert,schubert_D935_2.mid,61.1853747714808,13.82421655767829,0.5792711624085927,0.4935825607353511,7.146101102761831,-0.0043891733723482075,16.77875685323078,2,0.10895795246800731,0.14881170018281537,0.005484460694698354,0.20292504570383912,0.05594149908592322,0.07239488117001829,0.04936014625228519,0.027422303473491772,0.18976234003656306,0.05776965265082267,0.07787934186471664,0.0032906764168190127
schubert,schubert_D935_3.mid,64.41338521400779,13.199316388804604,0.374188225816473,0.37150315322438804,9.583882089543543,-0.0043586550435865505,15.644268333388357,2,0.11953307392996108,0.08793774319066149,0.09961089494163425,0.0715953307392996,0.033929961089494164,0.16342412451361868,0.05307392996108949,0.06583657587548639,0.02443579766536965,0.08124513618677043,0.17478599221789884,0.024591439688715952
schubert,schubert_D935_4.mid,67.9678631051753,14.688551943774648,0.15911480856070886,0.30076642277092747,14.24470984828835,-0.00918388645376748,17.520251549029314,2,0.16798831385642737,0.1131051752921536,0.0248330550918197,0.07575125208681135,0.06072621035058431,0.11748747913188648,0.023163606010016696,0.10976627712854758,0.13376460767946577,0.020659432387312188,0.10121035058430718,0.05154424040066778
schubert,schuim-1.mid,59.3165091494068,11.195067773309427,0.29627536702401325,0.351541525173839,10.777077557082926,-0.008648431214802896,12.912171817215741,2,0.15141765533882967,0.024733561230645486,0.1085863663784436,0.10315704805952142,0.02493464709430927,0.06374421878141967,0.029157450231248744,0.2610094510355922,0.07420068369193646,0.04182585964206716,0.06575507741805751,0.05147798109792882
schubert,schuim-2.mid,65.13840279987274,13.155241788123648,0.2848524054777809,0.307798729865638,11.620732388596764,-0.011457670273711012,15.124957849327824,2,0.035316576519249125,0.05854279350938594,0.08972319440025453,0.11581291759465479,0.0334075723830735,0.0957683741648107,0.12822144447979636,0.06108813235762011,0.1123130766783328,0.013044861597200128,0.1422208081450843,0.1145402481705377
schubert,schuim-3.mid,57.168396770472896,9.269144951985592,0.4569783299540277,0.6615606104088882,7.593330682827295,-0.015384615384615385,11.714412303709553,2,0.014225297962322183,0.1261053440984237,0.0461361014994233,0.1368704344482891,0.030757400999615533,0.058054594386774315,0.17339484813533257,0.02306805074971165,0.10303729334871203,0.006920415224913495,0.14917339484813533,0.1322568242983468
schubert,schuim-4.mid,63.014345696291116,13.569010970650798,0.2804869346771502,0.29179500338837633,13.608566361421694,-0.008923884514435695,15.766075104914476,2,0.0824002799160252,0.13838348495451364,0.021693491952414275,0.17162351294611616,0.08659902029391182,0.03953813855843247,0.061931420573827854,0.03691392582225332,0.21868439468159553,0.03603918824352694,0.061931420573827854,0.044261721483554936
schubert,schumm-1.mid,59.99924442765395,12.010227326806824,0.3192950943237626,0.30910818553121105,9.906051976383901,0.0,14.735075465690423,2,0.08915753683415187,0.009822440498677748,0.1843596524367208,0.023800528900642236,0.10540234227427277,0.029467321496033247,0.06309029089535323,0.23800528900642237,0.004911220249338874,0.11824707215715904,0.030978466188137516,0.10275783906309029
schubert,schumm-2.mid,60.26194797338173,11.049292201465807,0.7364521726734223,0.7645312278460478,5.157553893545257,0.0,14.91265936045508,2,0.10163339382940109,0.1306715063520871,0.02601330913490623,0.2220205686630369,0.0205686630369026,0.039927404718693285,0.0677555958862674,0.04597701149425287,0.16394434361766486,0.04295220810647308,0.07864488808227466,0.05989110707803993
schubert,schumm-3.mid,64.40170132325142,9.428683509370009,0.289216800206758,0.23888770212578253,10.128421628180451,0.0,12.680858122567752,2,0.2438563327032136,0.06899810964083176,0.015122873345935728,0.07183364839319471,0.046313799621928164,0.19659735349716445,0.010396975425330813,0.06143667296786389,0.15311909262759923,0.027410207939508508,0.09735349716446125,0.007561436672967864
schubert,schumm-4.mid,60.855471698113206,10.420039576580354,0.3557628224150945,0.3993865172365469,8.56879448843424,-0.00604001510003775,13.913146748936414,2,0.045283018867924525,0.16264150943396227,0.017358490566037735,0.0830188679245283,0.13924528301886793,0.05169811320754717,0.08528301886792453,0.007547169811320755,0.21735849056603773,0.08528301886792453,0.01660377358490566,0.08867924528301886
schubert,schumm-5.mid,64.53614457831326,12.10115789141701,0.12758317962923038,0.08395142203388496,19.460069857225434,-0.01162290142057684,16.201814364866255,2,0.20481927710843373,0.13080895008605853,0.028399311531841654,0.031841652323580036,0.047332185886402756,0.16437177280550774,0.05163511187607573,0.10154905335628227,0.11187607573149742,0.024096385542168676,0.06798623063683305,0.035283993115318414
schubert,schumm-6.mid,61.21730382293762,10.182591684572934,0.7768809816104971,0.5330200331388183,6.352414674842792,-0.018117765475591345,12.085447911149451,2,0.08249496981891348,0.13279678068410464,0.03219315895372234,0.11770623742454728,0.07142857142857142,0.09356136820925554,0.03822937625754527,0.04024144869215292,0.21227364185110664,0.02112676056338028,0.07645875251509054,0.08148893360160966
schumann,schum_abegg.mid,68.0733487626847,14.719402565199658,0.21486315434951958,0.20737562030135934,15.145576102337687,-0.004985754985754986,16.042355465281304,2,0.18034538009613674,0.04397365141534627,0.08616699305679189,0.0302652661563112,0.09257610824283426,0.13156489229125867,0.02723873954068008,0.10681858643403952,0.04023500089015489,0.12337546733131564,0.09097382944632366,0.046466085098807196
schumann,scn15_1.mid,61.56306306306306,8.879731226432517,0.5222591261777402,0.34326749140403734,5.512083355984177,-0.009029345372460496,11.5012968041638,2,0.1036036036036036,0.018018018018018018,0.1981981981981982,0.0045045045045045045,0.09009009009009009,0.0,0.09009009009009009,0.24774774774774774,0.0,0.1036036036036036,0.018018018018018018,0.12612612612612611
schumann,scn15_10.mid,61.25770308123249,9.799429943479435,0.5352049532563025,0.4656806787137745,4.756482771249972,-0.08707865168539326,14.818215005867138,2,0.0,0.0784313725490196,0.011204481792717087,0.23809523809523808,0.06162464985994398,0.028011204481792718,0.11764705882352941,0.05042016806722689,0.12885154061624648,0.0,0.10084033613445378,0.18487394957983194
schumann,scn15_11.mid,62.22192513368984,8.58795017873706,0.33351475161541877,0.2804577754569184,9.033184447681464,-0.03748326639892905,10.846559764565582,2,0.09759358288770054,0.016042780748663103,0.20454545454545456,0.034759358288770054,0.11363636363636363,0.017379679144385027,0.09224598930481283,0.1697860962566845,0.001336898395721925,0.08155080213903744,0.009358288770053475,0.16176470588235295
schumann,scn15_12.mid,58.98792270531401,11.902881924152055,0.9115640375402578,0.7087833656293279,4.816482806445429,-0.03389830508474576,13.69607191912598,2,0.07971014492753623,0.04106280193236715,0.028985507246376812,0.050724637681159424,0.10628019323671498,0.0,0.18357487922705315,0.05314009661835749,0.06521739130434782,0.06280193236714976,0.007246376811594203,0.321256038647343
schumann,scn15_13.mid,61.21097046413502,9.935541511872854,1.1028452809687064,0.8201671753807904,2.934264187184587,-0.0635593220338983,11.766810299285115,2,0.10970464135021098,0.02109704641350211,0.1350210970464135,0.0379746835443038,0.1308016877637131,0.02531645569620253,0.0759493670886076,0.12658227848101267,0.05063291139240506,0.13924050632911392,0.012658227848101266,0.1350210970464135
schumann,scn15_2.mid,63.08496732026144,8.311695604535904,0.29291650311478756,0.2604798344783198,10.787694439671665,0.0,10.792796288195857,2,0.02287581699346405,0.10130718954248366,0.12091503267973856,0.0196078431372549,0.09803921568627451,0.00980392156862745,0.1437908496732026,0.12418300653594772,0.013071895424836602,0.27124183006535946,0.0,0.07516339869281045
schumann,scn15_3.mid,65.445,10.55447653841724,0.14693325704166668,0.22743500664259028,12.755557884566894,0.012531328320802004,14.2952169072196,2,0.07,0.03,0.12,0.01,0.175,0.015,0.135,0.14,0.005,0.065,0.03,0.205
schumann,scn15_4.mid,63.82727272727273,7.879039040285757,0.5658434043844699,0.6204693948738388,5.1190488025506475,-0.1004566210045662,10.537991706102732,2,0.01818181818181818,0.1,0.15454545454545454,0.02727272727272727,0.10909090909090909,0.01818181818181818,0.1,0.11363636363636363,0.045454545454545456,0.17727272727272728,0.02727272727272727,0.10909090909090909
schumann,scn15_5.mid,60.06666666666667,10.706730316678106,0.3335461385802466,0.2938898473682176,10.963935000073132,-0.020771513353115726,14.639977643385677,2,0.06518518518518518,0.06518518518518518,0.1288888888888889,0.0044444444444444444,0.10814814814814815,0.03259259259259259,0.09185185185185185,0.1688888888888889,0.008888888888888889,0.2222222222222222,0.05037037037037037,0.05333333333333334
schumann,scn15_6.mid,52.755172413793105,13.20809799162924,0.34055729894037345,0.2220936556993649,12.05824487107374,-0.07426597582037997,15.547454048727891,2,0.034482758620689655,0.10344827586206896,0.13448275862068965,0.013793103448275862,0.1482758620689655,0.013793103448275862,0.1206896551724138,0.08620689655172414,0.04827586206896552,0.19310344827586207,0.0,0.10344827586206896
schumann,scn15_7.mid,61.90350877192982,10.018377235129533,1.1704794619883037,1.16161227576205,3.333096624794554,-0.041758241758241756,12.3436335499835,2,0.19078947368421054,0.015350877192982455,0.10964912280701754,0.013157894736842105,0.08771929824561403,0.17324561403508773,0.015350877192982455,0.12938596491228072,0.0043859649122807015,0.16447368421052633,0.08333333333333333,0.013157894736842105
schumann,scn15_8.mid,62.187747035573125,8.738082118741767,0.5204585633028657,0.32252252996597636,7.06467415179407,-0.08514851485148515,12.314793375003596,2,0.2450592885375494,0.003952569169960474,0.1067193675889328,0.019762845849802372,0.09486166007905138,0.14624505928853754,0.015810276679841896,0.09881422924901186,0.015810276679841896,0.12845849802371542,0.1007905138339921,0.023715415019762844
schumann,scn15_9.mid,63.39350180505415,10.563561834906276,0.28792406129663056,0.1502639990192339,14.540882113295682,-0.034358047016274866,13.522758741213575,2,0.2851985559566787,0.01444043321299639,0.08664259927797834,0.010830324909747292,0.1407942238267148,0.07942238267148015,0.007220216606498195,0.259927797833935,0.007220216606498195,0.061371841155234655,0.039711191335740074,0.007220216606498195
schumann,scn16_1.mid,66.02041942604856,10.315825207597621,0.14870814202538654,0.11687886220869861,11.392987165073787,0.009387078961899503,10.759322756764918,2,0.07671081677704195,0.03863134657836645,0.14072847682119205,0.076158940397351,0.07229580573951434,0.1153421633554084,0.041390728476821195,0.11147902869757174,0.03642384105960265,0.1291390728476821,0.13189845474613687,0.029801324503311258
schumann,scn16_2.mid,59.937755698421974,11.951193142235502,0.4743417469991959,0.5630384286599232,7.824147275360279,-0.005846243788365975,14.918054279589626,2,0.1206896551724138,0.027469316189362946,0.15020455873758037,0.08562244301578024,0.03945061367621274,0.13179427235534774,0.03945061367621274,0.10987726475745178,0.02250146113383986,0.10549386323787259,0.15634132086499122,0.011104617182933957
schumann,scn16_3.mid,59.29637199795606,11.398753489507337,0.3738099656244682,0.5150169265114406,7.713289389282272,0.014826175869120654,13.480740068024682,2,0.12263668880940215,0.036791006642820645,0.17833418497700562,0.1027082268778743,0.021461420541645376,0.08226877874297393,0.03525804803270312,0.13643331630045988,0.02350536535513541,0.10066428206438426,0.13387838528359736,0.026060296371997957
schumann,scn16_4.mid,55.37761194029851,10.967486832975876,1.120673811971393,1.3086491199493238,3.3471152698771314,-0.06427503736920777,12.62179741815177,2,0.12835820895522387,0.020895522388059702,0.11194029850746269,0.13134328358208955,0.016417910447761194,0.11044776119402985,0.04626865671641791,0.12686567164179105,0.049253731343283584,0.0955223880597015,0.14776119402985075,0.014925373134328358
schumann,scn16_5.mid,60.914614121510674,11.931263633411143,0.28181843459222833,0.2578734820978812,9.36364549874685,0.007667031763417305,14.875715352971303,2,0.11986863711001643,0.03229337712096333,0.14887794198139026,0.09578544061302682,0.019704433497536946,0.1023535851122058,0.058018609742747675,0.13628899835796388,0.04433497536945813,0.09140667761357417,0.13902572523262177,0.0120415982484948
schumann,scn16_6.mid,57.2228490832158,10.493653790739618,1.2460648658321583,1.691783133349518,2.9270215887350295,-0.01694915254237288,13.980403789853783,2,0.10578279266572638,0.015514809590973202,0.14386459802538787,0.12834978843441466,0.01692524682651622,0.1861777150916784,0.036671368124118475,0.09449929478138223,0.029619181946403384,0.07757404795486601,0.14104372355430184,0.023977433004231313
schumann,scn16_7.mid,60.89174560216509,11.19505615611326,0.23468913068194658,0.22070450546828357,12.05874872337166,-0.014218009478672985,13.459251710848527,2,0.13464140730717186,0.013531799729364006,0.15629228687415425,0.12652232746955344,0.02029769959404601,0.08389715832205684,0.036535859269282815,0.18741542625169147,0.04803788903924222,0.060216508795669824,0.09810554803788904,0.03450608930987822
schumann,scn16_8.mid,59.60787244643747,11.787319654672482,0.31302406175780473,0.5172786067787244,8.623873119047415,-0.015453639082751745,14.382721315913775,2,0.14499252615844543,0.009965122072745391,0.17189835575485798,0.06527154957648232,0.05680119581464873,0.07473841554559044,0.04285002491280518,0.1519681116093672,0.026407573492775286,0.11260587942202292,0.10114598903836572,0.041355256601893375
schumann,scn68_10.mid,62.19886363636363,7.057410584854982,0.3801630550426138,0.18376318380639425,7.053919181294086,0.02564102564102564,9.7294994836128,2,0.2897727272727273,0.0,0.0625,0.0,0.06818181818181818,0.20454545454545456,0.0,0.07386363636363637,0.0,0.17045454545454544,0.11931818181818182,0.011363636363636364
schumann,scn68_12.mid,59.087808417997095,10.404530914794297,0.18045882812197642,0.10648263250659709,12.514463773753679,0.017429193899782137,13.206410650886367,2,0.1269956458635704,0.029753265602322207,0.04426705370101597,0.013062409288824383,0.1509433962264151,0.11901306240928883,0.02104499274310595,0.08925979680696662,0.04862119013062409,0.19013062409288825,0.05878084179970972,0.1081277213352685
tschai,ty_april.mid,60.075127644055435,7.7174417561403175,0.2578153578805011,0.1821387845787596,10.626330435517573,-0.008759124087591242,9.589832468890938,2,0.08096280087527352,0.04449307075127644,0.14806710430342815,0.07512764405543398,0.04814004376367615,0.1772428884026258,0.024070021881838075,0.11524434719183078,0.028446389496717725,0.13931436907366884,0.11086797957695113,0.008023340627279359
tschai,ty_august.mid,64.79605263157895,11.212966129364814,0.22418878038051634,0.2736561680725207,12.802340505080698,-0.014808720691073632,10.284546219668128,2,0.02919407894736842,0.0859375,0.15090460526315788,0.008223684210526315,0.10115131578947369,0.031661184210526314,0.17351973684210525,0.06866776315789473,0.029605263157894735,0.054276315789473686,0.06414473684210527,0.20271381578947367
tschai,ty_dezember.mid,62.413739266198284,9.688904870364604,0.3241218247210827,0.1846877313476836,10.719121706725057,0.009371339320577899,13.376355775239876,2,0.13153786104605777,0.08430913348946135,0.04137392661982826,0.1721311475409836,0.06088992974238876,0.09953161592505855,0.0351288056206089,0.07377049180327869,0.1600312256049961,0.01756440281030445,0.06908665105386416,0.0546448087431694
tschai,ty_februar.mid,63.61800104657247,11.59086101236005,0.27567548056209734,0.22002330072745552,11.76690223554763,-0.012565445026178011,13.448791736719478,2,0.04709576138147567,0.06488749345892203,0.15855572998430142,0.03192046049188906,0.12558869701726844,0.059654631083202514,0.07692307692307693,0.1130298273155416,0.035583464154892726,0.15332286760858188,0.06750392464678179,0.06593406593406594
tschai,ty_januar.mid,63.28016085790885,10.122271676275728,0.6377127346444929,0.6126002896265813,5.255743456965303,0.01006036217303823,11.719584378770078,2,0.07439678284182305,0.09316353887399464,0.0435656836461126,0.06099195710455764,0.16152815013404825,0.030831099195710455,0.09115281501340483,0.0777479892761394,0.0918230563002681,0.0918230563002681,0.0388739946380697,0.14410187667560323
tschai,ty_juli.mid,62.62129629629629,10.551290520734858,0.4247990897280091,0.42507150534717,9.544071152199411,-0.011121408711770158,11.417425934122084,2,0.15555555555555556,0.007407407407407408,0.10462962962962963,0.1648148148148148,0.0,0.07962962962962963,0.01574074074074074,0.16203703703703703,0.03611111111111111,0.05185185185185185,0.20555555555555555,0.016666666666666666
tschai,ty_juni.mid,64.20505992010652,11.422780796937829,0.5047125219928997,0.35489611718123454,6.38222743296641,0.031978680879413725,12.724950311962607,2,0.08721704394141146,0.02729693741677763,0.2270306258322237,0.05992010652463382,0.045938748335552594,0.045272969374167776,0.06258322237017311,0.2010652463382157,0.006657789613848202,0.08322237017310254,0.12050599201065246,0.033288948069241014
tschai,ty_maerz.mid,62.67336683417086,10.043065270185771,0.7809542927973204,0.7291221600732337,4.073276965466872,0.0,11.482259441381503,2,0.08040201005025126,0.021775544388609715,0.2562814070351759,0.04020100502512563,0.0016750418760469012,0.02512562814070352,0.09547738693467336,0.19597989949748743,0.0033500837520938024,0.11557788944723618,0.1574539363484087,0.006700167504187605
tschai,ty_mai.mid,62.813559322033896,9.839699007771006,0.6057133477941188,0.6560661815001855,5.134040212024786,0.0,11.188281579875385,2,0.03788634097706879,0.10069790628115653,0.15952143569292124,0.018943170488534396,0.08374875373878365,0.027916251246261216,0.14456630109670987,0.12063808574277168,0.015952143569292122,0.12362911266201396,0.049850448654037885,0.11665004985044865
tschai,ty_november.mid,67.42008639308855,10.803446493968663,0.24199218800170963,0.3149412200485631,10.457593617641466,-0.011345218800648298,11.609082905894855,2,0.038876889848812095,0.08801295896328294,0.0458963282937365,0.058315334773218146,0.1490280777537797,0.008639308855291577,0.11555075593952484,0.05399568034557235,0.10205183585313175,0.08963282937365011,0.02267818574514039,0.22732181425485962
tschai,ty_oktober.mid,62.76359338061466,9.821137928375874,0.7914883353895793,0.5543812151884872,4.43116010821307,-0.014201183431952662,12.834394875392972,2,0.054373522458628844,0.061465721040189124,0.17139479905437352,0.008274231678486997,0.1288416075650118,0.11347517730496454,0.028368794326241134,0.1347517730496454,0.01773049645390071,0.18203309692671396,0.08156028368794327,0.01773049645390071
tschai,ty_september.mid,66.64336917562724,12.11374781558932,0.24723212884557957,0.20392935039837973,13.640479685623866,-0.013895114298520844,13.62924863339237,2,0.0667562724014337,0.020161290322580645,0.1886200716845878,0.050627240143369175,0.08109318996415771,0.013888888888888888,0.10528673835125447,0.14202508960573476,0.021057347670250897,0.08154121863799284,0.03449820788530466,0.19444444444444445
